species,cluster623.fa,cluster627.fa,cluster541.fa,cluster657.fa,cluster664.fa,cluster632.fa,cluster649.fa,cluster660.fa,cluster654.fa,cluster626.fa,cluster653.fa,cluster642.fa,cluster629.fa,cluster652.fa,cluster661.fa,cluster625.fa,cluster650.fa,cluster639.fa,cluster663.fa,cluster645.fa,cluster621.fa,cluster620.fa,cluster636.fa
Anteos clorinde,KM046797,AY870570,KM046562,,KM046599,KM046493,,,,KM046670,,KM046733,,,,,,,,,,,
Anteos maerula,GU164128,,,,,,,,,,,,,,,,,,,,,,
Anthocharis bambusarum,AM262805,,,,,,,,,,,,,,,,,,,,,,
Anthocharis belia,AY954574,AY870560,AY954604,,KM046600,KM046494,,KM046840,,KM046671,,KM046734,,,,,,AY954544,,,,,
Anthocharis bieti,JQ922058,KM669648,,KM669433,,,KM669597,,,,KM669326,,KM669545,KM669381,KM669490,,,,,,,,
Anthocharis cardamines,KM046799,LC090568,KM046563,KM669434,KM046601,KM046912,KM669598,KM046841,AB855806,KM046672,KM669327,KM046735,KM669546,KM669382,KM669491,DQ150093,DQ150057,,,,,,
Anthocharis carolinae,AM262793,,,,,,,,,,,,,,,,,,,,,,
Anthocharis damone,AM262804,,,,,,,,,,,,,,,,,,,,,,
Anthocharis euphenoides,GU675837,,,,,,,,,,,,,,,,,,,,,,
Anthocharis lanceolata,DQ148940,,,,,,,,,,,,,,,DQ150094,DQ150058,,,,,,
Anthocharis midea,KF491538,,AF246543,,,,,,,,,,,,,,,,,,,,
Anthocharis sara,KU874145,,,,,,,,,,,,,,,AF044848,,,,,,,
Anthocharis scolymus,GU372556,GU372647,,KM669432,,,KM669596,,LC090581,,KM669325,,KM669544,KM669380,KM669489,GU372465,,,,,,,
Anthocharis thibetana,AM262800,,,,,,,,,,,,,,,,,,,,,,
Aoa affinis,AY954578,AY870585,AY954608,,,,,,,,,,,,,,,AY954548,,,,,
Aphrissa boisduvalii,KP848604,,,,,,,,,,,,,,,,,,,,,,
Aphrissa statira,GU164165,AY870572,KM046564,,KM046602,KM046495,,,,KM046673,,KM046736,,,,,,,,,,,
Aporia agathon,DQ082760,AY870590,DQ082807,KM669413,KM046603,KM046496,KM669578,KM046842,,KM046674,KM669305,,KM669525,KM669358,KM669468,,,,,,,,
Aporia bieti,EF584850,,,,,,GU813994,,,,EF584873,,,,,,,,,,,,
Aporia crataegi,EU141361,AY870529,DQ082806,,EU141394,EU141316,DQ463398,EU141496,AB044622,EU141618,,EU141553,,,,,DQ150031,,,,,,
Aporia delavayi,KU921258,KM669630,,,,,KM669581,,,,KM669308,,KM669526,KM669361,KM669471,,,,,,,,
Aporia genestieri,KU921259,KU921253,,,,,,,,,,,,,,,,,,,,,
Aporia gigantea,KU921260,KU921254,,,,,,,,,,,,,,,,,,,,,
Aporia goutellei,KU921261,KM669633,,KM669418,,,,,,,KM669311,,KM669529,KM669364,KM669474,,,,,,,,
Aporia hippia,JQ922053,,,,,,,,,,JQ924421,,,,,,,,,,,,
Aporia intercostata,EF584851,,,,,,,,,,EF584874,,,,,,,,,,,,
Aporia largeteaui,KU921263,KM669629,,KM669415,,,KM669580,,,,KM669307,,,KM669360,KM669470,,,,,,,,
Aporia leucodice,FJ663279,,,,,,,,,,,,,,,,,,,,,,
Aporia martineti,KU921265,,,,,,,,,,,,,,,,,,,,,,
Aporia oberthuri,KU921266,KM669631,,KM669416,,,,,,,KM669309,,KM669527,KM669362,KM669472,,,,,,,,
Aporia potanini,KU921267,KM669628,,KM669414,,,KM669579,,,,KM669306,,,KM669359,KM669469,,,,,,,,
Aporia procris,,KM669632,,KM669417,,,KM669582,,,,KM669310,,KM669528,KM669363,KM669473,,,,,,,,
Appias ada,KF402416,,,,,,,,,,,,,,,,,,,,,,
Appias aegis,KM046801,AY870589,,,,,,,,KM046675,,,,,,,,,,,,,
Appias albina,KF316956,KM669624,,KM669410,,,KM669575,,,,KM669303,,KM669522,KM669355,KM669465,,,,,,,,
Appias cardena perakana,KF226271,,,,,,,,,,,,,,,,,,,,,,
Appias drusilla,AY954579,AY870525,AY954609,,,KM046497,,KM046843,,KM046676,,KM046737,,,,,DQ150032,AY954549,,,,,
Appias indra,KJ422869,KM669626,,KM669412,,,KM669577,,,,,,KM669524,KM669357,KM669467,,,,,,,,
Appias lalassis,KF226274,,,,,,,,,,,,,,,,,,,,,,
Appias libythea,KJ423037,,,,,,,,,,,,,,,,,,,,,,
Appias lyncida,GU446670,KM669625,,KM669411,,,KM669576,,,,KM669304,,KM669523,GU462140,KM669466,,,,,,,,
Appias melania,KF396317,,,,,,,,,,,,,,,,,,,,,,
Appias olferna,MK282887,,,,,,,,,,,,,,,,,,,,,,
Appias pandione lagela,KF226286,,,,,,,,,,,,,,,,,,,,,,
Appias paulina,DQ082803,AY870588,,,,KM046503,,KM046850,LC090583,,,KM046743,,,,,,,,,,,
Appias sabina,,,,,,,,,,,FJ819260,,,,,,,,,,,,
Archonias brassolis,DQ082768,AY870534,DQ082817,,KM046604,,,KM046844,,KM046677,,,,,,,,,,,,,
Ascia monuste,KM046802,AY870582,KM046565,,KM046605,KM046498,DQ463404,KM046845,,KM046678,,KM046738,,,,,,,,,,,
Baltia butleri,DQ463375,AY870583,,,KM046606,KM046499,DQ463397,KM046846,,,,KM046739,KM669542,KM669377,,,,,,,,,
Baltia shawii,FJ663321,,,,,,DQ463399,,,,,,,,,,,,,,,,
Belenois antsianaka,,,,,,,,,,,FJ819478,,,,,,,,,,,,
Belenois aurota,EU792496,,,JQ422024,,,,,,,,,KT279596,,,,,,,,,,
Belenois helcida,,,,,,,,,,,FJ819265,,,,,,,,,,,,
Belenois java,AY954587,AY870593,AY954617,,KM046607,KM046500,,KM046847,AB055839,KM046680,,KM046740,,,,,,AY954557,,,,,
Calopieris eulimene,HM386439,JF293325,,,,,,,,,,,,,,,,,,,,,
Catasticta cerberus,DQ082767,AY870533,DQ082816,,KM046608,KM046501,,KM046848,,KM046681,,KM046741,,,,,,,,,,,
Catasticta lisa,MK036765,,,,,,,,,,,,,,,,,,,,,,
Catasticta poujadei condor,KF753892,,,,,,,,,,,,,,,,,,,,,,
Catasticta semiramis semiramis,KF753881,,,,,,,,,,,,,,,,,,,,,,
Catasticta sisamnus,GU164210,,,,,,,,,,,,,,,,,,,,,,
Catasticta teutila,AY954584,AY870532,AY954614,,KM046609,KM046502,,KM046849,,,,KM046742,,,,,,AY954554,,,,,
Catasticta thomasorum inexpectata,KF753882,,,,,,,,,,,,,,,,,,,,,,
Catopsilia florella,,,,,,,,,,,FJ819264,,,,,,,,,,,,
Catopsilia gorgophone,KF401872,,,,,,,,,,,,,,,,,,,,,,
Catopsilia pomona,DQ842501,AY870569,KM046568,JQ421984,KM046610,KM046504,KM669558,KM046851,,KM046682,KM669286,KM046744,KT279593,KM669338,KM669447,,,,,,,,
Catopsilia pyranthe,KT879887,KM669608,,JQ421947,,,KM669557,,,,KM669285,,KM669503,KM669337,KM669446,,,,,,,,
Catopsilia scylla,KF405708,KM669610,,KM669394,,,KM669559,,,,KM669287,,KM669505,KM669339,KM669448,,,,,,,,
Cepora iudith,KF226332,AB069901,,KM669427,,,KM669592,,AB044623,,KM669321,,KM669539,KM669374,KM669484,,,,,,,,
Cepora nadina,KU921268,KM669642,,JQ421982,,,KM669591,,,,KM669320,,KM669538,KM669373,KM669483,,,,,,,,
Cepora nerissa,EF584857,KM669644,,JQ421994,,,KM669593,,,,KM669322,,KT279594,EU783936,KM669485,,,,,,,,
Cepora perimale,DQ082757,AY870524,DQ082804,,KM046611,KM046505,,KM046852,,KM046683,,KM046745,,,,,,,,,,,
Charonias eurytele,DQ082801,AY870531,DQ082818,,KM046612,KM046506,,KM046853,,,,KM046746,,,,,,,,,,,
Colias adelaidae,HE775187,,,,,,,,,,,,,,,,,,,,,,
Colias alpherakii,FJ663407,,,,,,,,,,,,,,,,,,,,,,
Colias aurorina,,EF457742,,,,,,,,,,,,,,,,,,,,,
Colias australis,AF073946,,,,,,,,,,,,,,,,,,,,,,
Colias balcanica,AF073943,,,,,,,,,,,,,,,,,,,,,,
Colias behrii,FJ851611,FJ851639,FJ851648,,,,,,,,,,,,,,,,,,,,
Colias berylla,HE775178,,,,,,,,,,,,,,,,,,,,,,
Colias canadensis,EU583874,,,,,,EU583901,,,,,,,,,EU583847,EU583928,,,,,,
Colias chippewa,KM542483,,,,,,,,,,,,,,,,,,,,,,
Colias christophi,FJ663408,,,,,,,,,,,,,,,,,,,,,,
Colias cocandica,HE775160,,,,,,,,,,,,,,,,,,,,,,
Colias croceus,EF457737,EF457747,,,,MF185821,,,,,,,,,,AF044851,,,,,,,
Colias electo,EF457741,EF457748,,,,,,,,,,,,,,,,,,,,,
Colias elis,EU583860,,,,,,EU583887,,,,,,,,,EU583834,EU583914,,,,,,
Colias eogene,FJ663415,,,,,,,,,,,,,,,,,,,,,,
Colias eurytheme,AF044024,AF173400,AF537291,,,EU032660,EU583881,DQ205077,DQ351048,,,,,,,AF044854,EU583908,,,,,,
Colias fieldii,KC158355,HM175740,,,,,,,,,JQ924429,,,,,,,,,,,,
Colias gigantea,KT131495,,,,,,,,,,,,,,,,,,,,,,
Colias grumi,HE775197,,,,,,,,,,,,,,,,,,,,,,
Colias hecla,EU583868,,,,,,EU583895,,,,,,,,,EU583841,EU583922,,,,,,
Colias heos,HE775170,,,,,,,,,,,,,,,,,,,,,,
Colias hofmannorum,HE775193,,,,,,,,,,,,,,,,,,,,,,
Colias hyale,EF457740,EF457744,,,,,,,,,KM669298,,KM669516,,KM669459,,,,,,,,
Colias hyperborea,EF457739,EF457743,,,,,,,,,,,,,,,,,,,,,
Colias interior,FJ851616,FJ851622,FJ851654,,,,,,,,,,,,,,,,,,,,
Colias lada,HE775150,,,,,,,,,,,,,,,,,,,,,,
Colias ladakensis,HE775147,,,,,,,,,,,,,,,,,,,,,,
Colias lesbia,MF545439,,,,,,,,,,,,,,,,,,,,,,
Colias libanotica heldreichii,AF073948,,,,,,,,,,,,,,,,,,,,,,
Colias marcopolo,FJ663422,,,,,,,,,,,,,,,,,,,,,,
Colias meadii,EU583863,FJ851628,FJ851647,,,,EU583890,DQ205090,,,,,,,,AF044855,EU583917,,,,,,
Colias montium,HE775185,KM669621,,KM669405,,,KM669570,,,,JQ924444,,KM669517,KM669350,KM669460,,,,,,,,
Colias myrmidone,HQ004303,,,,,,,,,,,,,,,,,,,,,,
Colias nastes,KT125205,,,,,,,,,,,,,,,,,,,,,,
Colias nebulosa,HE775152,,,,,,,,,,,,,,,,,,,,,,
Colias nina,HE775181,,,,,,,,,,,,,,,,,,,,,,
Colias occidentalis,KM540112,,,,,,,,,,,,,,,,,,,,,,
Colias palaeno,GU828486,GU829301,GU829570,,GU830680,GU828181,,GU829810,,GU830394,,GU830077,,,,,,,,,,,
Colias phicomone,GU675849,,,,,,,,,,,,,,,,,,,,,,
Colias philodice,EU583856,DQ157890,AF537292,,KM046613,KM046507,EU583883,KM046854,,KM046684,,KM046747,,,,EU583829,EU583910,AY954540,,,,,
Colias regia,FJ663427,,,,,,,,,,,,,,,,,,,,,,
Colias romanovi,HE775146,,,,,,,,,,,,,,,,,,,,,,
Colias sareptensis,GU668035,,,,,MF185820,,,,,,,,,,,,,,,,,
Colias scudderi,AF044880,,,,,,,,,,,,,,,AF044857,,,,,,,
Colias sieversi,HE775195,,,,,,,,,,,,,,,,,,,,,,
Colias sifanica,HE775154,,,,,,,,,,,,,,,,,,,,,,
Colias staudingeri,HE775145,,,,,,,,,,,,,,,,,,,,,,
Colias stoliczkana,HE775158,,,,,,,,,,,,,,,,,,,,,,
Colias tamerlana mongola,FJ663424,,,,,,,,,,,,,,,,,,,,,,
Colias thisoa,FJ663428,,,,,,,,,,,,,,,,,,,,,,
Colias thrasibulus,HE775157,,,,,,,,,,,,,,,,,,,,,,
Colias tibetana,HE775149,,,,,,,,,,,,,,,,,,,,,,
Colias tyche,FJ663430,,,,,,,,,,,,,,,,,,,,,,
Colias vitabunda,EU583858,,,,,,EU583886,,,,,,,,,EU583831,EU583912,,,,,,
Colias wanda,HE775191,,,,,,,,,,,,,,,,,,,,,,
Colias wiskotti,EU583853,,,,,,EU583880,,,,,,,,,EU583826,EU583907,,,,,,
Colotis agoye,GU700864,JF293326,,HQ682515,,,,,,,,,,,,,,,,,,,
Colotis amata,GU700854,JF293327,HQ682573,JQ421991,,,,,,,,,,,,,,,,,,,
Colotis antevippe,GU700842,JF293328,,HQ682519,,,,,,,,,,,,,,,,,,,
Colotis aurigineus,GU700684,JF293329,HQ682574,HQ682523,,,,,,,,,,,,,,,,,,,
Colotis auxo,GU700833,JF293330,HQ682575,HQ682525,,,,,,,,,,,,,,,,,,,
Colotis celimene,GU700826,JF293331,HQ682576,HQ682526,,,,,,,,,,,,,,,,,,,
Colotis chrysonome,GU700824,,,HQ682527,,,,,,,,,,,,,,,,,,,
Colotis daira,GU700821,,,,,,,,,,,,,,,,,,,,,,
Colotis danae,GU700814,JF293334,HQ682577,HQ682528,,,,,,,,,,,,,,,,,,,
Colotis dissociatus,GU700809,JF293336,,HQ682529,,,,,,,,,,,,,,,,,,,
Colotis elgonensis,GU700803,JF293337,HQ682579,HQ682530,,,,,,,,,,,,,,,,,,,
Colotis ephyia,HM386441,,,,,,,,,,,,,,,,,,,,,,
Colotis eris,GU700790,JF293338,HQ682581,HQ682531,,,,,,,,,,,,,,,,,,,
Colotis erone,HM904910,,,,,,,,,,,,,,,,,,,,,,
Colotis etrida,HM386423,,,JQ422025,,,,,,,,,KR349960,,,,,,,,,,
Colotis euippe,GU700765,JF293339,HQ682582,HQ682533,,,,,,,,,,,,,,,,,,,
Colotis evagore,GU700743,JF293340,,HQ682536,,,,,,,,,,,,,,,,,,,
Colotis evanthe,GU700742,JF293341,HQ682583,HQ682538,,,,,,,FJ819254,,,,,,,,,,,,
Colotis evanthides,GU700741,,,,,,,,,,,,,,,,,,,,,,
Colotis evenina,GU700734,JF293344,HQ682586,HQ682542,,,,,,,,,,,,,,,,,,,
Colotis fausta,GU700733,,HQ682587,HQ682543,,,,,,,,,,,,,,,,,,,
Colotis guenei,HQ689551,,HQ682588,HQ682544,,,,,,,,,,,,,,,,,,,
Colotis halimede,GU700732,,,,,,,,,,,,,,,,,,,,,,
Colotis hetaera,AY954571,AY870520,AY954601,HQ682545,KM046614,KM046508,,KM046855,,KM046685,,KM046748,,,,,,AY954541,,,,,
Colotis hildebrandti,GU700723,,,,,,,,,,,,,,,,,,,,,,
Colotis incretus,GU700831,JF293349,HQ682589,HQ682546,,,,,,,,,,,,,,,,,,,
Colotis ione,GU700715,JF293350,HQ682590,HQ682547,,,,,,,,,,,,,,,,,,,
Colotis lais,HM417659,JF293351,,HQ682548,,,,,,,,,,,,,,,,,,,
Colotis liagore,GU700713,JF293352,HQ682591,HQ682549,,,,,,,,,,,,,,,,,,,
Colotis lucas,,,,,,,,,,,FJ819477,,,,,,,,,,,,
Colotis mananhari,GU700712,JF293353,HQ682592,HQ682551,,,,,,,FJ819284,,,,,,,,,,,,
Colotis pallene,HM406124,JF293354,,,,,,,,,,,,,,,,,,,,,
Colotis phisadia,GU700711,,HQ682593,HQ682554,,,,,,,,,,,,,,,,,,,
Colotis pleione,GU700710,,,,,,,,,,,,,,,,,,,,,,
Colotis protomedia,GU700704,JF293357,HQ682595,HQ682555,,,,,,,,,,,,,,,,,,,
Colotis protractus,HQ558810,,,,,,,,,,,,,,,,,,,,,,
Colotis regina,GU700697,JF293358,HQ682596,HQ682556,,,,,,,,,,,,,,,,,,,
Colotis rogersi,HQ689599,,,,,,,,,,,,,,,,,,,,,,
Colotis subfasciatus,GU700693,,HQ682597,HQ682557,,,,,,,,,,,,,,,,,,,
Colotis ungemachi,MH407224,,,,,,,,,,,,,,,,,,,,,,
Colotis venosa,HM406145,,,,,,,,,,,,,,,,,,,,,,
Colotis vesta,GU700685,JF293360,,HQ682559,,,,,,,,,,,,,,,,,,,
Colotis vestalis,GU700683,JF293361,HQ682598,HQ682561,,,,,,,,,,,,,,,,,,,
Colotis zoe,GU700682,JF293362,HQ682599,HQ682562,,,,,,,,,,,,,,,,,,,
Cunizza hirlanda,,AY870556,KM046569,,KM046615,KM046509,,KM046856,,KM046686,,KM046749,,,,,,,,,,,
Delias abrophora,JX978898,,,,,,,,,,,,,,,,,,,,,,
Delias acalis,GU813981,,,,,,GU813993,,,,GU814001,,,,,,,,,,,,
Delias aganippe,DQ082769,AY870511,JX979022,,KM046616,KM046510,,KM046857,,,,,,,,,,,,,,,
Delias agostina,DQ082779,DQ082827,,KM669408,,,GU813988,,,,KM669301,,KM669520,EU783939,KM669463,,,,,,,,
Delias albertisi,JX978901,,JX979023,,,,,,AB044609,,,,,,,,,,,,,,
Delias anamesa,JX978902,,,,,,,,,,,,,,,,,,,,,,
Delias antara,,,,,,,,,AB055822,,,,,,,,,,,,,,
Delias apatela,JX978903,,,,,,,,,,,,,,,,,,,,,,
Delias argenthona,KF396828,AB899875,JX979025,,,,,,AB513911,,,,,,,,,,,,,,
Delias aroae,DQ082778,DQ082826,,,,,,,,,,,,,,,,,,,,,
Delias aruna,KF400407,,JX979026,,,,,,,,,,,,,,,,,,,,
Delias aurantia,JX978908,,JX979027,,,,,,,,,,,,,,,,,,,,
Delias bagoe,JX978909,,,,,,,,,,,,,,,,,,,,,,
Delias bakeri,JX978910,,JX979028,,,,,,,,,,,,,,,,,,,,
Delias baracasa,JX978911,,JX979029,,,,,,AB055835,,,,,,,,,,,,,,
Delias belisama,JX978912,,JX979030,,,,,,AB055834,,,,,,,,,,,,,,
Delias belladonna,DQ082773,AY870510,DQ082808,,KM046617,KM046511,GU813991,KM046858,AB044595,KM046687,HM473124,KM046751,,,,,,,,,,,
Delias benasu,JX978913,,,,,,,,,,,,,,,,,,,,,,
Delias berinda,,,,KM669406,,,KM669571,,,,KM669299,,KM669518,KM669351,KM669461,,,,,,,,
Delias biaka,JX978914,,JX979031,,,,,,,,,,,,,,,,,,,,
Delias blanca,JX978915,,,,,,,,,,,,,,,,,,,,,,
Delias brandti,JX978916,DQ082822,,,,,,,,,,,,,,,,,,,,,
Delias caliban,JX978918,,JX979034,,,,,,,,,,,,,,,,,,,,
Delias callista,JX978919,,,,,,,,,,,,,,,,,,,,,,
Delias candida,JX978921,,,,,,,,AB055836,,,,,,,,,,,,,,
Delias caroli,JX978922,,JX979035,,,,,,,,,,,,,,,,,,,,
Delias carstensziana,,AB069896,,,,,,,AB055826,,,,,,,,,,,,,,
Delias castaneus,JX978923,,,,,,,,,,,,,,,,,,,,,,
Delias catisa,,,,,,,,,AB044616,,,,,,,,,,,,,,
Delias ceneus,JX978917,AB899879,JX979033,,,,,,AB901173,,,,,,,,,,,,,,
Delias chimbu,JX978924,,,,,,,,,,,,,,,,,,,,,,
Delias chrysomelaena,JX978925,,,,,,,,,,,,,,,,,,,,,,
Delias cinerascens,JX978926,,,,,,,,AB055815,,,,,,,,,,,,,,
Delias clathrata,DQ082776,DQ082824,,,,,,,,,,,,,,,,,,,,,
Delias crithoe,JX978927,,JX979037,,,,,,,,,,,,,,,,,,,,
Delias cumanau,HM376386,,,,,,,,,,,,,,,,,,,,,,
Delias cuningputi,,DQ082825,,,,,,,,,,,,,,,,,,,,,
Delias descombesi,DQ082772,DQ082820,,JQ421957,,,,,,,,,,,,,,,,,,,
Delias diaphana,,,JX979038,,,,,,,,,,,,,,,,,,,,
Delias dixeyi,JX978928,,,,,,,,,,,,,,,,,,,,,,
Delias dohertyi,,,JX979039,,,,,,,,,,,,,,,,,,,,
Delias dorylaea,,,JX979040,,,,,,,,,,,,,,,,,,,,
Delias doylei,JX978931,AB899888,,,,,,,AB901185,,,,,,,,,,,,,,
Delias durai,HQ956593,,,,,,,,,,,,,,,,,,,,,,
Delias echidna,JX978932,,,,,,,,,,,,,,,,,,,,,,
Delias edela,,,,,,,,,AB901172,,,,,,,,,,,,,,
Delias eichhorni,DQ082781,AY919292,,,,,,,AB044618,,,,,,,,,,,,,,
Delias eileenae,JX978934,AB899877,,,,,,,AB298381,,,,,,,,,,,,,,
Delias ellipsis,DQ082798,,,,,,,,,,,,,,,,,,,,,,
Delias elongatus,JX978935,,,,,,,,AB055833,,,,,,,,,,,,,,
Delias ennia,DQ082787,DQ082834,,,,,,,,,,,,,,,,,,,,,
Delias enniana,JX978937,,,,,,,,,,,,,,,,,,,,,,
Delias eucharis,KX008047,AB899858,KX467853,JQ421985,,,,,AB901142,,,,,,,,,,,,,,
Delias eumolpe,JX978939,,,,,,,,,,,,,,,,,,,,,,
Delias euphemia,,AB899889,,,,,,,AB901186,,,,,,,,,,,,,,
Delias eximia,JX978941,,JX979043,,,,,,,,,,,,,,,,,,,,
Delias fasciata,,AB899869,,,,,,,AB901161,,,,,,,,,,,,,,
Delias flavissima,,AB069891,,,,,,,AB044597,,,,,,,,,,,,,,
Delias frater,,,,,,,,,AB055821,,,,,,,,,,,,,,
Delias fruhstorferi,JX978942,,,,,,,,,,,,,,,,,,,,,,
Delias funerea,JX978943,,JX979044,,,,,,,,,,,,,,,,,,,,
Delias gabia,,AB899893,JX979045,,,,,,AB513910,,,,,,,,,,,,,,
Delias georgina,JX978944,,,,,,,,,,,,,,,,,,,,,,
Delias geraldina,DQ082782,DQ082829,,,,,,,,,,,,,,,,,,,,,
Delias germana,JX978945,AB069893,,,,,,,AB055823,,,,,,,,,,,,,,
Delias gilliardi,JX978946,AB069895,JX979046,,,,,,AB055825,,,,,,,,,,,,,,
Delias hagenensis,,,,,,,,,AB044619,,,,,,,,,,,,,,
Delias hallstromi,,AB069894,,,,,,,AB069904,,,,,,,,,,,,,,
Delias hapalina,JX978947,,,,,,,,,,,,,,,,,,,,,,
Delias harpalyce,DQ082797,DQ082842,,,,,,,,,,,,,,,,,,,,,
Delias heliophora,,,,,,,,,AB055824,,,,,,,,,,,,,,
Delias hempeli,JX978949,,,,,,,,,,,,,,,,,,,,,,
Delias heroni,JX978950,,,,,,,,,,,,,,,,,,,,,,
Delias hippodamia,JX978951,,,,,,,,,,,,,,,,,,,,,,
Delias hyparete,DQ082784,DQ082831,JX979047,KM669407,,,KM669572,,AB055837,,KM669300,,KM669519,KM669352,KM669462,,GU196791,,,,,,
Delias hypomelas,JX978953,,JX979048,,,,,,,,,,,,,,,,,,,,
Delias hypoxantha,,,,,,,,,AB180838,,,,,,,,,,,,,,
Delias iltis,DQ082786,DQ082833,JX979049,,,,,,AB055828,,,,,,,,,,,,,,
Delias isocharis,JX978957,,JX979050,,,,,,AB055830,,,,,,,,,,,,,,
Delias isse,JX978960,,,,,,,,,,,,,,,,,,,,,,
Delias kazueae,JX978961,,JX979051,,,,,,,,,,,,,,,,,,,,
Delias kenricki,JX978962,,JX979052,,,,,,,,,,,,,,,,,,,,
Delias konokono,JX978963,,,,,,,,,,,,,,,,,,,,,,
Delias kuehni,JX978964,,,,,,,,AB055814,,,,,,,,,,,,,,
Delias kummeri,DQ082788,DQ082835,JX979054,,,,,,,,,,,,,,,,,,,,
Delias ladas,DQ082775,DQ082823,JX979055,,,,,,AB055817,,,,,,,,,,,,,,
Delias laknekei,JX978967,,JX979056,,,,,,,,,,,,,,,,,,,,
Delias lara,,AB899886,,,,,,,AB513912,,,,,,,,,,,,,,
Delias lemoulti,JX978968,,JX979057,,,,,,,,,,,,,,,,,,,,
Delias leucias,DQ082795,DQ082841,,,,,,,,,,,,,,,,,,,,,
Delias leucobalia,,,,,,,,,AB044613,,,,,,,,,,,,,,
Delias ligata,JX978971,,,,,,,,,,,,,,,,,,,,,,
Delias luctuosa,JX978974,,,,,,,,,,,,,,,,,,,,,,
Delias lytaea,JX978977,,JX979060,,,,,,,,,,,,,,,,,,,,
Delias madetes,JX978978,,,,,,,,,,,,,,,,,,,,,,
Delias magsadana,JX978979,,,,,,,,,,,,,,,,,,,,,,
Delias mavroneria,JX978980,,,,,,,,,,,,,,,,,,,,,,
Delias meeki,JX978981,,JX979062,,,,,,AB044611,,,,,,,,,,,,,,
Delias messalina,JX978982,DQ082843,JX979063,,,,,,,,,,,,,,,,,,,,
Delias microsticha,DQ082783,DQ082830,KT286032,,,KT286334,,,,,,,,,,,,,,,,,
Delias mitisi,,AB899865,,,,,,,AB901155,,,,,,,,,,,,,,
Delias momea,,,,,,,,,AB055816,,,,,,,,,,,,,,
Delias muliensis,,,,,,,,,AB027605,,,,,,,,,,,,,,
Delias mullerensis,,,,,,,,,AB055820,,,,,,,,,,,,,,
Delias mysis,DQ082785,DQ082832,,,,,,,AB901182,,,,,,,,,,,,,,
Delias nais,DQ082774,DQ082821,JX979065,,,,,,,,,,,,,,,,,,,,
Delias narses,JX978984,,JX979066,,,,,,,,,,,,,,,,,,,,
Delias niepelti,DQ082789,DQ082836,,,,,,,,,,,,,,,,,,,,,
Delias nieuwenhuisi,,,,,,,,,AB055829,,,,,,,,,,,,,,
Delias nigrina,DQ082790,DQ082837,AF246577,,,,,,,,,,,,,,,,,,,,
Delias ninus,DQ082792,DQ082839,,,,,,,,,,,,,,,,,,,,,
Delias nysa,DQ082791,DQ082838,,,,,,,,,,,,,,,,,,,,,
Delias oraia,,,JX979068,,,,,,,,,,,,,,,,,,,,
Delias ormoensis,HM376385,,,,,,,,,,,,,,,,,,,,,,
Delias ornytion,JX978988,,JX979069,,,,,,,,,,,,,,,,,,,,
Delias orphne,JX978989,,JX979070,,,,,,,,,,,,,,,,,,,,
Delias paoaiensis,JX978990,,,,,,,,,,,,,,,,,,,,,,
Delias pasithoe,KU921271,KM669623,,KM669409,,,GU813987,,AB055832,,KM669302,,KM669521,KM669354,KM669464,,,,,,,,
Delias periboea,JX978991,AB899866,JX979071,,,,,,AB901156,,,,,,,,,,,,,,
Delias phippsi,JX978992,,JX979072,,,,,,,,,,,,,,,,,,,,
Delias poecilea,,AB899878,,,,,,,AB901170,,,,,,,,,,,,,,
Delias pulla,JX978993,,,,,,,,,,,,,,,,,,,,,,
Delias rileyi,JX978994,,,,,,,,,,,,,,,,,,,,,,
Delias roepkei,JX978995,,JX979073,,,,,,,,,,,,,,,,,,,,
Delias rosenbergi,,AB899863,,,,,,,AB901153,,,,,,,,,,,,,,
Delias rothschildi,JX978996,,,,,,,,,,,,,,,,,,,,,,
Delias sagessa,JX978997,,,,,,,,AB055819,,,,,,,,,,,,,,
Delias salvini,JX978998,AB899890,JX979074,,,,,,AB901187,,,,,,,,,,,,,,
Delias sambawana,,AB899870,,,,,,,AB298380,,,,,,,,,,,,,,
Delias schmassmanni,JX978999,,,,,,,,AB055818,,,,,,,,,,,,,,
Delias schoenbergi,,,JX979075,,,,,,,,,,,,,,,,,,,,
Delias schoenigi,JX979001,,,,,,,,,,,,,,,,,,,,,,
Delias shirozui,JX979003,,,,,,,,,,,,,,,,,,,,,,
Delias shunichii,JX979002,,JX979076,,,,,,,,,,,,,,,,,,,,
Delias singhapura,JX979004,,,,,,,,,,,,,,,,,,,,,,
Delias splendida,,,JX979077,,,,,,,,,,,,,,,,,,,,
Delias stresemanni,JX979006,,,,,,,,,,,,,,,,,,,,,,
Delias subnubila,GU813978,,,,,,GU813990,,,,EF584883,,,,,,,,,,,,
Delias subviridis,JX979008,,JX979078,,,,,,,,,,,,,,,,,,,,
Delias surprisa,JX979009,,JX979079,,,,,,,,,,,,,,,,,,,,
Delias talboti,JX979010,,,,,,,,,,,,,,,,,,,,,,
Delias themis,,DQ082840,,,,,,,,,,,,,,,,,,,,,
Delias timorensis,JX979011,AB899880,,,,,,,AB901175,,,,,,,,,,,,,,
Delias totila,JX979012,,JX979080,,,,,,,,,,,,,,,,,,,,
Delias toxopei,,AB069897,,,,,,,AB055827,,,,,,,,,,,,,,
Delias vidua,JX979013,,,,,,,,,,,,,,,,,,,,,,
Delias waterstradti,JX979014,,,,,,,,,,,,,,,,,,,,,,
Delias weiskei,JX979015,,JX979081,,,,,,,,,,,,,,,,,,,,
Delias wollastoni,,,,,,,,,AB055831,,,,,,,,,,,,,,
Delias woodi,JX979018,,JX979082,,,,,,,,,,,,,,,,,,,,
Delias yagishitai,JX979019,,,,,,,,,,,,,,,,,,,,,,
Delias zebuda,JX979020,,,,,,,,,,,,,,,,,,,,,,
Dercas gobrias,KM046806,AY870512,,,,,,,,,,,,,,,,,,,,,
Dercas lycorias,HM175727,KM669611,,KM669395,,,KM669560,,,,KM669288,,KM669506,KM669340,KM669449,,,,,,,,
Dercas nina,,KM669613,,KM669397,,,KM669562,,,,KM669290,,KM669508,KM669342,KM669451,,,,,,,,
Dercas verhuelli,HM175726,KM669612,,KM669396,,,KM669561,,,,KM669289,,KM669507,KM669341,KM669450,,,,,,,,
Dismorphia amphiona,JF283394,,,,,,,,,,,,,,,,DQ150025,,HQ174332,,,,
Dismorphia crisia lubina,GU164245,,,,,,,,,,,,,,,,,,,,,,
Dismorphia eunoe desine,GU164211,,,,,,,,,,,,,,,,,,,,,,
Dismorphia praxinoe,KP848826,,,,,,,,,,,,,,,,,,,,,,
Dismorphia spio,JN204960,JN204977,,,JN205044,JN204951,,JN204993,,,,JN205000,,,,,,,JN204918,,,,
Dismorphia theucharila fortunata,GU164231,,,,,,,,,,,,,,,,,,,,,,
Dismorphia zaela,DQ148908,,,,,,,,,,,,,,,,DQ150026,,,,,,
Dismorphia zathoe,AY954566,AY870578,,,KM046618,KM046512,,KM046859,,,,,,,,,,AY954536,AY954596,,,,
Dixeia charina,AY954589,AY870523,AY954619,,KM046619,KM046513,,KM046860,,KM046688,,KM046752,,,,,,AY954559,,,,,
Dixeia pigea,,,,,,,,,,,,,,,,,,,,,,,
Elodina angulipennis,AY954588,AY870522,AY954618,,KM046620,,,,,,,KM046753,,,,,,AY954558,,,,,
Elodina padusa,KF400884,,,,,,,,,,,,,,,,,,,,,,
Elodina parthia,KF404198,,,,,,,,,,,,,,,,,,,,,,
Elodina perdita,KF397944,,,,,,,,,,,,,,,,,,,,,,
Elodina queenslandica,KF399349,,,,,,,,,,,,,,,,,,,,,,
Elodina walkeri,KF402725,,,,,,,,,,,,,,,,,,,,,,
Enantia albania,KU146699,,,,MH137044,,,,,,,,,,,,,,MH137170,,,,
Enantia clarissa,MF545705,,,,,,,,,,,,,,,,,,,,,,
Enantia jethys,KU146756,,,,MH137092,,,,,,,,,,,,,,MH137141,,,,
Enantia lina,MF545623,AY870576,,,KM046622,KM046515,,KM046862,,,,,,,,,,,,,,,
Enantia mazai,MH143450,,,,MH137063,,,,,,,,,,,,,,MH137119,,,,
Eroessa chiliensis,AY954575,AY870554,AY954605,,KM046623,KM046516,,KM046863,,KM046690,,KM046754,,,,,,AY954545,,,,,
Eronia cleodora,KM046808,AY870551,KM046573,,KM046624,KM046517,,KM046864,,KM046691,,KM046755,,,,,,,,,,,
Eronia leda,HQ689628,,,,,,,,,,,,,,,,,,,,,,
Eucheira socialis,DQ082766,AY870535,DQ082815,,KM046625,KM046518,DQ463396,KM046865,,KM046692,,,,,,,,,,,,,
Euchloe ausonia,MH418553,,,,,,,,,,,,,,,,,,,,,,
Euchloe ausonides,KM046809,AY870558,KM046574,,KM046626,KM046519,,KM046866,,KM046693,,KM046756,,,,AF044858,,,,,,,
Euchloe bazae,GU676545,,,,,,,,,,,,,,,,,,,,,,
Euchloe charlonia,,KM046911,KM046571,,KM046621,KM046913,,KM046861,,KM046689,,,,,,,,,,,,,
Euchloe crameri,EU700961,,,,,,,,,,,,,,,,,,,,,,
Euchloe daphalis daphalis,FM196465,,,,,,,,,,,,,,,,,,,,,,
Euchloe insularis insularis,FM196460,,,,,,,,,,,,,,,,,,,,,,
Euchloe lessei qohrudicus,AM418400,,,,,,,,,,,,,,,,,,,,,,
Euchloe lucilla lucilla,AM418420,,,,,,,,,,,,,,,,,,,,,,
Euchloe naina,KU875023,,,,,,,,,,,,,,,,,,,,,,
Euchloe ogilvia,FM196455,,,,,,,,,,,,,,,,,,,,,,
Euchloe orientalis,FJ663548,,,,,,,,,,,,,,,,,,,,,,
Euchloe penia taleschicus,AM418401,,,,,,,,,,,,,,,,,,,,,,
Euchloe persica persica,FM196464,,,,,,,,,,,,,,,,,,,,,,
Euchloe pulverata,FJ663549,,,,,,,,,,,,,,,,,,,,,,
Euchloe simplonia,GU675955,,,,,,,,,,,,,,,,,,,,,,
Euchloe tagis,EU700959,,,,,,,,,,,,,,,,,,,,,,
Euchloe tomyris,FJ663454,,,,,,,,,,,,,,,,,,,,,,
Euchloe transcaspica,KC158368,,,,,,,,,,,,,,,,,,,,,,
Euchloe ziayani ziayani,AM418407,,,,,,,,,,,,,,,,,,,,,,
Eurema ada,KT222719,HM175735,,,,,,,,,,,KT222728,,,,,,,,,,
Eurema agave,MF546577,,,,,,,,,,,,,,,,,,,,,,
Eurema albula,MF545499,,,,,,,,,,,,,,,,,,,,,,
Eurema alitha,KF396139,KT273484,,,,,,,,,,,,,,,,,,,,,
Eurema andersoni,HM395582,KM669614,,KM669398,,,KM669563,,,,KM669291,,KM669509,KM669343,KM669452,,,,,,,,
Eurema arbela,MF545469,,,,,,,,,,,,,,,,,,,,,,
Eurema blanda,LC210105,KM669615,,JQ421949,,,KM669564,,AB211194,,KM669292,,KM669510,KM669344,KM669453,,,,,,,,
Eurema boisduvaliana,GU164378,,JQ786814,,,,,,,,,,,,,,,,,,,,
Eurema brigitta,KF397020,KT273486,,KM669401,,,KM669566,,,,KM669294,,KR349961,KM669346,KM669455,,,,,,,,
Eurema daira,GU164410,,,,,,,,,,,,,,,AF044859,,,,,,,
Eurema deva,MF545393,,,,,,,,,,,,,,,,,,,,,,
Eurema elathea,MF545887,,,,,,,,,,,,,,,,,,,,,,
Eurema floricola,,,,,,,,,,,FJ819479,,,,,,,,,,,,
Eurema hapale,,,,,,,,,,,FJ819279,,,,,,,,,,,,
Eurema hecabe,KX808133,GU372650,DQ018876,JQ421956,,,EF068257,,AB013160,KM046694,HM473136,KM046757,KT222752,,,GU372468,,,,,,,
Eurema herla,KF397224,KT273506,,,,,,,,,,,,,,,,,,,,,
Eurema lacteola lacteola,KF226447,,,,,,,,,,,,,,,,,,,,,,
Eurema laeta,KF398548,KT273521,,KM669400,,,KM669565,,,,KM669293,,KM669511,KM669345,KM669454,,,,,,,,
Eurema lisa,KF491737,,,,,,,,,,,,,,,AF044860,,,,,,,
Eurema mandarina,LC210079,KT273530,,,,,,,,,,,,,,,,,,,,,
Eurema mexicana,AY954568,AY870563,AY954598,,,KM046520,,KM046868,,KM046695,,KM046758,,,,,,AY954538,,,,,
Eurema nicevillei,,,,,,,,,,,,,,,,,,,,,,,
Eurema nicippe,GU089559,,,,,,,,,,,,,,,AF044861,,,,,,,
Eurema puella,HM906322,,,,,,,,,,,,,,,,,,,,,,
Eurema sari,MF804648,,,,,,,,,,,,KT222761,,,,,,,,,,
Eurema simulatrix,HQ962261,,,,,,,,,,,,KT222768,,,,,,,,,,
Eurema smilax,KF397859,KT273534,,,,,,,,,,,,,,,,,,,,,
Eurema tilaha,KT222709,,,,,,,,,,,,KT222776,,,,,,,,,,
Eurema xantochlora,GU164411,,,,,,,,,,,,,,,,,,,,,,
Gandaca harina,KF226462,AY870514,,,KM046627,KM046521,EF068262,,,KM046696,,,KT222778,,,,,,,,,,
Ganyra josephina,GU164438,AY870539,,,KM046628,KM046522,,KM046869,,KM046697,,KM046759,,,,,,,,,,,
Ganyra phaloe limona,GU164444,,,,,,,,,,,,,,,,,,,,,,
Gideona lucasi,HQ689637,AY870521,HQ682600,HQ682566,KM046629,KM046523,,,,KM046698,,KM046760,,,,,,,,,,,
Gonepteryx amintha,EF584864,KM669619,,KM669403,,,KM669568,,,,KM669296,,KM669514,KM669348,KM669457,,,,,,,,
Gonepteryx cleobule,AF074004,,,,,,,,,,,,,,,,,,,,,,
Gonepteryx cleopatra,KM046813,,KM046578,,KM046630,KM046524,,,,,,KM046761,,,,,,,,,,,
Gonepteryx eversi,AF074006,,,,,,,,,,,,,,,,,,,,,,
Gonepteryx farinosa chitralensis,FJ663593,,,,,,,,,,,,,,,,,,,,,,
Gonepteryx maderensis,AF074010,,,,,,,,,,,,,,,,,,,,,,
Gonepteryx mahaguru,HM175722,HM175736,,,,,,,,,,,,,,,,,,,,,
Gonepteryx palmae,AF074005,,,,,,,,,,,,,,,,,,,,,,
Gonepteryx rhamni,MH418578,AY870568,,EF150348,,,KM669567,,,,KM669295,,KM669513,KM669347,KM669456,,GU196792,,,,,,
Hebomoia glaucippe,DQ082802,AY870581,KM046579,KM669435,KM046631,KM046525,KM669599,KM046871,AB055840,KM046699,KM669328,KM046762,KM669547,KM669383,KM669492,,,,,,,,
Hesperocharis costaricensis,KF491786,,,,,,,,,,,,,,,,,,,,,,
Hesperocharis crocea,AY954576,AY870555,AY954606,,KM046632,KM046526,,KM046872,,KM046700,,KM046763,,,,,,AY954546,,,,,
Infraphulia ilyodes,DQ463387,AY870542,,,KM046634,,DQ463409,KM046874,,KM046701,,,,,,,,,,,,,
Itaballia demophile,KM046816,AY870584,,,KM046635,KM046528,,KM046875,,KM046702,,KM046764,,,,,,,,,,,
Itaballia pandosia sabata,HM416458,,,,,,,,,,,,,,,,,,,,,,
Ixias marianne,EU792500,,,JQ421993,,,,,,,,,,,,,,,,,,,
Ixias pyrene,AY954572,AY870552,AY954602,KM669421,KM046636,KM046529,KM669586,KM046876,,KM046703,KM669315,KM046765,,KM669368,KM669478,,,AY954542,,,,,
Kricogonia lyside,GU660354,AY870566,JQ786881,,KM046637,KM046530,,KM046877,,KM046704,KC473944,KM046766,,,,,,,,,,,
Leodonta tellane,DQ082764,AY870537,DQ082813,,KM046638,KM046531,,KM046878,,KM046705,,,,,,,,,,,,,
Leptidea amurensis,GU372562,GU372653,,KM669437,,,KM669601,,AB855813,,KM669330,,KM669548,JF512932,KM669494,GU372471,,,JF512999,JF512841,,,LN606445
Leptidea duponcheli,JF512569,,,,,,,,,,,,,JF512938,,,,,,JF512852,,,
Leptidea gigantea,,KM669653,,KM669439,,,,,,,,,KM669550,,KM669496,,,,,,,,
Leptidea juvernica,HG969220,,,,,JF512751,,,,,,,,JF512868,,,,,JF512968,KM488593,,,LN606440
Leptidea lactea,JF512717,,,,,JF512761,,,,,,,,JF512935,,,,,JF513002,JF512849,,,
Leptidea morsei,HG969243,,,,,JF512749,,,,,,,,JF512929,,,,,JF512996,JF512836,,,LN606447
Leptidea reali,JF512603,,,,,JF512722,,,,,,,,JF512856,,,,,JF512941,KM488600,,,
Leptidea serrata,,,,KM669438,,,,,,,,,KM669549,,KM669495,,,,,,,,
Leptidea sinapis,DQ387045,AY870573,,,GU830806,GU828319,,GU829910,,,,GU830237,,JF512894,,,DQ150024,AY954535,AY954595,KM488591,,,LN606442
Leptophobia aripa,MF545682,AY870546,,,KM046639,KM046532,,KM046879,,KM046706,,KM046767,,,,,DQ150028,,,,,,
Leptosia nina,AY954586,AY870519,AY954616,JQ421963,KM046640,KM046533,,KM046880,,,,KM046768,,KM669378,KM669487,DQ150063,DQ150027,AY954556,,,,,
Leuciacria acuta,DQ082761,AY870591,DQ082809,,KM046641,KM046534,,KM046881,AB901192,KM046707,,KM046769,,,,,,,,,,,
Leuciacria olivei,KM046819,AY870592,DQ082810,,KM046642,,,KM046882,,KM046708,,,,,,,,,,,,,
Leucidia brephos,KM046820,AY870561,,,,KM046535,,KM046883,,KM046709,,KM046770,,,,,,,,,,,
Lieinix nemesis,,AY870579,,,KM046643,KM046536,,KM046884,,,,KM046771,,,,,,,KM046582,,,,
Mathania leucothea,,AY870557,KM046583,,KM046644,KM046537,,KM046885,,,,KM046772,,,,,,,,,,,
Melete lycimnia,DQ082800,AY870530,DQ082811,,KM046914,KM046538,,KM046886,,KM046710,,,,,,,,,,,,,
Mesapia peloria,KU921272,KM669646,,KM669431,,,KM669595,,,,KM669324,,KM669543,KM669379,KM669488,,,,,,,,
Moschoneura pinthous,,AY870575,,,KM046645,KM046539,,KM046887,,KM046711,,KM046773,,,,,,,KM046584,,,,
Mylothris agathina,AY954585,AY870528,AY954615,,KM046646,KM046540,,KM046888,,KM046712,,KM046774,,,,,,AY954555,,,,,
Mylothris bernice,DQ082758,AY870513,DQ082805,,KM046647,KM046541,,KM046889,,KM046713,,,,,,,,,,,,,
Mylothris jacksoni knutssoni,KM983881,,,,,,KM983959,,,,,,,KM984037,,,,,,,,,
Nathalis iole,AY954569,AY870562,AY954599,,KM046648,KM046542,,,,KM046714,,KM046775,,,,,,AY954539,,,,,
Neophasia menapia,DQ082765,AY870536,DQ082814,,KM046649,,,KM046890,,,,,,,,,DQ150030,,,,,,
Nepheronia argia,HM417658,JF293364,HQ682602,HQ682568,,,,,,,,,,,,,,,,,,,
Nepheronia buquetii,HM417656,JF293365,HQ682603,HQ682569,,,,,,,,,,,,,,,,,,,
Nepheronia thalassina,HQ689641,AY870518,KM046585,,KM046650,,,KM046891,,KM046715,,KM046776,,,,,,,,,,,
Pareronia ceylanica,KX467800,,KX467855,,,,,,,,,,,,,,,,,,,,
Pareronia hippia,KX467796,KX467824,KX467851,KM669436,,,,,,,,,,KM669384,KM669493,,,,,,,,
Pareronia tritaea,,,JX979021,,,,,,,,,,,,,,,,,,,,
Pareronia valeria,AY954573,AY870517,AY954603,JQ421986,KM046651,,KM669600,KM046892,,KM046716,KM669329,KM046777,,,,,,AY954543,,,,,
Patia orise,,AY870577,,,KM046652,KM046544,,KM046893,,,,KM046778,,,,,,,KM046586,,,,
Pereute charops,DQ082763,AY870538,DQ082812,,KM046653,KM046545,,KM046894,,KM046717,,,,,,,,,,,,,
Perrhybris pamela,KM046827,AY870545,,,KM046654,KM046546,,KM046895,,KM046718,,KM046779,,,,,,,,,,,
Phoebis agarithe,GU164485,,,,MH161403,,,,,MH161397,,,,,,AF044862,,,,,,,
Phoebis argante,MF545431,,MH161396,,MH161406,,,,,MH161400,,,,,,,,,,,,,
Phoebis avellaneda,MH161393,,MH161394,,MH161404,,,,,MH161398,,,,,,,,,,,,,
Phoebis hersilia,GU651487,,,,,,,,,,,,,,,,,,,,,,
Phoebis neocypris,MF545388,,,,MH161407,,,,,MH161401,,,,,,,,,,,,,
Phoebis philea,EU583850,,,,MH161405,,EU583877,,,MH161399,,,,,,EU583823,EU583904,,,,,,
Phoebis sennae,GU164652,AY870571,,,KM046655,KM046547,,KM046896,,KM046719,,KM046780,,,,AF044866,,,,,,,
Phrissura aegis,KF226592,,,,,,,,,,,,,,,,,,,,,,
Phulia nymphula,AY954580,AY870541,AY954610,,KM046656,KM046548,DQ463410,KM046897,,KM046720,,KM046781,,,,,,AY954550,,,,,
Pieriballia mandela,DQ148911,,,,,,,,,,,,,,,,DQ150029,,,,,,
Pieriballia viardi,AY954582,AY870547,AY954612,,KM046657,KM046549,,KM046898,,,,KM046782,,,,,,AY954552,,,,,
Pieris angelika,KT129178,,,,,,,,,,,,,,,,,,,,,,
Pieris brassicae,KJ682770,LC090574,,MF352545,,,KM669583,AY885236,AM283091,,KM669312,,MF141907,AM283077,KM669475,DQ150069,DQ150033,,,,,,
Pieris bryoniae,GU686975,,,,,,,,,,,,,,,,,,,,,,
Pieris canidia,KT175605,LC090575,,JQ421960,,,,,LC090586,,,,KR349962,,,,,,,,,,
Pieris cheiranthi,EU143662,,,,,,,,,,,,,,,,,,,,,,
Pieris davidis,JQ922060,KM669636,,KM669420,,,KM669585,,,,KM669314,,KM669532,KM669367,KM669477,,,,,,,,
Pieris deota,FJ663928,,,,,,,,,,,,,,,,,,,,,,
Pieris dulcinea,GU372554,GU372645,,,,,,,LC090588,,,,,,,GU372463,,,,,,,
Pieris ergane,GU676850,,,,,,,,,,,,,,,,,,,,,,
Pieris extensa,EF584869,KM669635,,,,,KM669584,,,,KM669313,,KM669531,KM669366,KM669476,,,,,,,,
Pieris macdunnoughi,DQ148930,,,,,,,,,,,,,,,DQ150084,DQ150048,,,,,,
Pieris mannii,MH418569,,,,,,,,,,,,,,,,,,,,,,
Pieris marginalis,KM540739,,,,,,,,,,,,,,,DQ150079,DQ150043,,,,,,
Pieris melete,GU372553,GU372644,,,,,,,LC090587,,JQ924435,,,,,GU372462,,,,,,,
Pieris microstriata,DQ148928,,,,,,,,,,,,,,,DQ150082,DQ150046,,,,,,
Pieris napi,AF170861,AF173401,AY569041,DQ351082,,,,,LC090589,,AM236002,,,,,DQ150071,DQ150035,,,,,,
Pieris narina,FJ663933,,,,,,,,,,,,,,,,,,,,,,
Pieris ochsenheimeri,FJ663935,,,,,,,,,,,,,,,,,,,,,,
Pieris oleracea,KT141444,,,,,,,,,,,,,,,DQ150075,DQ150039,,,,,,
Pieris pseudorapae,FJ663940,,,,,,,,,,,,,,,,,,,,,,
Pieris rapae,AY954581,AY870550,AY954611,,MF319698,,GQ268364,LC328973,AB334241,MF319729,JQ924424,JN205008,MF141908,,,AF044864,DQ150034,AY954551,,,,,
Pieris rapae crucivora,GU372555,GU372646,,,,,,,AB855817,,,,,,,GU372464,,,,,,,
Pieris venosa,DQ148929,,,,,,,,,,,,,,,DQ150083,DQ150047,,,,,,
Pieris virginiensis,KT133944,,,,,,,,,,,,,,,DQ150086,DQ150049,,,,,,
Pierphulia rosea,KM046829,AY870543,,,KM046658,,DQ463412,KM046899,,KM046721,,KM046783,,,,,,,,,,,
Pinacopteryx eriphia,KM046830,AY870553,HQ682604,HQ682570,KM046659,KM046550,,,,,,KM046784,,,,,,,,,,,
Pontia beckerii,EU583849,,,,,,EU583876,,,,,,,,,DQ150089,DQ150053,,,,,,
Pontia callidice,KM046831,AY870548,KM046589,KM669425,KM046660,KM046551,KM669590,KM046900,,,KM669319,KM046785,KM669537,KM669372,KM669482,,,,,,,,
Pontia chloridice,FJ664005,JX495369,,,,,,,,,JQ924432,,,,,DQ150091,DQ150055,,,,,,
Pontia daplidice,KC462829,JX495354,,,,,,,,,JQ996400,,,,,,,,,,,,
Pontia edusa,MH418498,KM669640,,KM669424,,,KM669589,,,,KM669318,,KM669536,KM669371,KM669481,DQ150092,DQ150056,,,,,,
Pontia helice,,AY870549,,,KM046661,KM046552,,KM046901,,KM046722,,KM046786,,,,,,,,,,,
Pontia occidentalis,KT130688,,,,,,DQ463416,,,,,,,,,DQ150087,DQ150051,,,,,,
Pontia protodice,KT133037,,,,,,DQ463414,,,,,,,,,AF044863,,,,,,,
Pontia sisymbrii,AF044890,,,,,,,,,,,,,,,AF044867,,,,,,,
Prioneris autothisbe,,AB069902,,,,,,,AB055838,,,,,,,,,,,,,,
Prioneris clemanthe,,KM669639,,KM669423,,,KM669588,,,,KM669317,,KM669535,KM669370,KM669480,,,,,,,,
Prioneris philonome,AY954583,AY870527,AY954613,,KM046662,KM046553,,KM046902,,KM046723,,KM046787,,,,,,AY954553,,,,,
Prioneris sita,KX467809,KX467837,KX467864,,,,,,,,,,,,,,,,,,,,
Prioneris thestylis,KU921273,KM669638,,KM669422,,,KM669587,,,,KM669316,,KM669534,KM669369,KM669479,,,,,,,,
Pseudopieris nehemia,AY954567,AY870574,,,KM046663,KM046554,,KM046903,,KM046724,,KM046788,,,,,,AY954537,AY954597,,,,
Pseudopontia australis,GU675609,,,,,,,,,,,,,,,,,,,,HQ174322,HQ186794,
Pseudopontia gola,HM421910,,,,,,,,,,,,,,,,,,,,HQ174324,HQ186791,
Pseudopontia mabira,HQ174317,,,,,,,,,,,,,,,,,,,,HQ174323,HQ186790,
Pseudopontia paradoxa,AY954564,AY870580,,,,JN204943,,,,JN205027,,JN205009,,,,,,AY954534,,,HQ174326,AY954594,
Pseudopontia zambezi,JF283434,,,,,,,,,,,,,,,,,,,,HQ174327,HQ186797,
Pyrisitia leuce,MF545573,,,,,,,,,,,,,,,,,,,,,,
Pyrisitia lisa centralis,GU660201,,,,,,,,,,,,,,,,,,,,,,
Pyrisitia proterpia,KM046833,AY870586,KM046591,,,KM046555,,KM046904,,KM046725,,,,,,,,,,,,,
Rhabdodryas trite,MF545595,,MH161395,,MH161408,,,,,MH161402,,,,,,,,,,,,,
Saletara liberia,AY954577,AY870526,AY954607,,,KM046556,,KM046905,,,,KM046790,,,,,,AY954547,,,,,
Talbotia nagana,EF584872,KM669645,KM046592,KM669429,KM046664,KM046557,KM669594,KM046906,,KM046726,KM669323,KM046791,KM669541,KM669376,KM669486,,,,,,,,
Tatochila autodice,MF545868,AY870540,KM046593,,KM046665,KM046558,,KM046907,,KM046727,,KM046792,,,,,,,,,,,
Tatochila blanchardi,DQ463381,,,,,,DQ463403,,,,,,,,,,,,,,,,
Tatochila macrodice,DQ463379,,,,,,DQ463401,,,,,,,,,,,,,,,,
Tatochila mercedis,DQ463383,,,,,,DQ463405,,,,,,,,,,,,,,,,
Tatochila theodice,DQ463384,,,,,,DQ463406,,,,,,,,,,,,,,,,
Teriocolias zelia,KM046836,AY870564,,,,KM046559,,KM046908,,KM046728,,KM046793,,,,,,,,,,,
Theochila maenacte,,AY870515,KM046595,,KM046666,KM046560,,KM046909,,KM046729,,KM046794,,,,,,,,,,,
Zegris eupheme,FJ664084,AY870559,,,KM046667,KM046561,,KM046910,,KM046730,,KM046795,,,,,,,,,,,
Zegris fausti,FJ664089,,,,,,,,,,,,,,,,,,,,,,
Zegris pyrothoe,FJ664093,,,,,,,,,,,,,,,,,,,,,,
Zerene cesonia,GU164704,AY870567,KM046597,,KM046668,,,,,KM046731,,KM046796,,,,AF044869,,,,,,,
Zerene eurydice,EU583851,,,,,,EU583878,,,,,,,,,AF044870,EU583905,,,,,,