subfamily,genus,species,synonym,status
Pierinae,Theochila,Theochila_maenacte,,extant
Pierinae,Archonias,Archonias_brassolis,,extant
Coliadinae,Anteos,Anteos_maerula,,extant
Coliadinae,Anteos,Anteos_menippe,,extant
Coliadinae,Anteos,Anteos_clorinde,,extant
Pierinae,Cunizza,Cunizza_hirlanda,,extant
Pierinae,Ganyra,Ganyra_howarthi,,extant
Pierinae,Ganyra,Ganyra_phaloe,,extant
Pierinae,Ganyra,Ganyra_josephina,,extant
Pierinae,Pareronia,Pareronia_valeria,,extant
Pierinae,Pareronia,Pareronia_jobaea,,extant
Pierinae,Pareronia,Pareronia_avatar,,extant
Pierinae,Pareronia,Pareronia_tritaea,,extant
Pierinae,Pareronia,Pareronia_ceylanica,,extant
Pierinae,Pareronia,Pareronia_argolis,,extant
Pierinae,Pareronia,Pareronia_phocaea,,extant
Pierinae,Pareronia,Pareronia_nishiyamai,,extant
Pierinae,Pareronia,Pareronia_boebera,,extant
Pierinae,Pareronia,Pareronia_anais,,extant
Dismorphiinae,Lieinix,Lieinix_neblina,,extant
Dismorphiinae,Lieinix,Lieinix_christa,,extant
Dismorphiinae,Lieinix,Lieinix_lala,,extant
Dismorphiinae,Lieinix,Lieinix_viridifascia,,extant
Dismorphiinae,Lieinix,Lieinix_nemesis,,extant
Dismorphiinae,Lieinix,Lieinix_cinerascens,,extant
Pierinae,Belenois,Belenois_java,,extant
Pierinae,Belenois,Belenois_margaritacea,,extant
Pierinae,Belenois,Belenois_albomaculatus,,extant
Pierinae,Belenois,Belenois_rubrosignata,,extant
Pierinae,Belenois,Belenois_aurota,,extant
Pierinae,Belenois,Belenois_theora,,extant
Pierinae,Belenois,Belenois_crawshayi,,extant
Pierinae,Belenois,Belenois_victoria,,extant
Pierinae,Belenois,Belenois_gidica,,extant
Pierinae,Belenois,Belenois_ianthe,,extant
Pierinae,Belenois,Belenois_mabella,,extant
Pierinae,Belenois,Belenois_raffrayi,,extant
Pierinae,Belenois,Belenois_anomala,,extant
Pierinae,Belenois,Belenois_sudanensis,,extant
Pierinae,Belenois,Belenois_consanguis,,extant
Pierinae,Belenois,Belenois_thysa,,extant
Pierinae,Belenois,Belenois_diminuta,,extant
Pierinae,Belenois,Belenois_hedyle,,extant
Pierinae,Belenois,Belenois_helcida,,extant
Pierinae,Belenois,Belenois_larima,,extant
Pierinae,Belenois,Belenois_ogygia,,extant
Pierinae,Belenois,Belenois_aldabrensis,,extant
Pierinae,Belenois,Belenois_solilucis,,extant
Pierinae,Belenois,Belenois_antsianaka,,extant
Pierinae,Belenois,Belenois_subeida,,extant
Pierinae,Belenois,Belenois_calypso,,extant
Pierinae,Belenois,Belenois_theuszi,,extant
Pierinae,Belenois,Belenois_creona,,extant
Pierinae,Belenois,Belenois_zochalia,,extant
Pierinae,Belenois,Belenois_gradidieri,,extant
Pierinae,Euchloe,Euchloe_transcaspica,Elphinstonia_transcaspica,extant
Pierinae,Euchloe,Euchloe_penia,,extant
Pierinae,Euchloe,Euchloe_charlonia,,extant
Pierinae,Euchloe,Euchloe_tomyris,Elphinstonia_tomyris,extant
Pierinae,Glennia,Glennia_pylotis,,extant
Pierinae,Pereute,Pereute_callinira,,extant
Pierinae,Pereute,Pereute_telthusa,,extant
Pierinae,Pereute,Pereute_cheops,,extant
Pierinae,Pereute,Pereute_callinice,,extant
Pierinae,Pereute,Pereute_swainsoni,,extant
Pierinae,Pereute,Pereute_lindemannae,,extant
Pierinae,Pereute,Pereute_charops,,extant
Pierinae,Pereute,Pereute_antodyca,,extant
Pierinae,Pereute,Pereute_leucodrosime,,extant
Pierinae,Perrhybris,Perrhybris_pamela,,extant
Pierinae,Perrhybris,Perrhybris_lypera,,extant
Pierinae,Perrhybris,Perrhybris_lorena,,extant
Dismorphiinae,Dismorphia,Dismorphia_teresa,,extant
Dismorphiinae,Dismorphia,Dismorphia_crisia,,extant
Dismorphiinae,Dismorphia,Dismorphia_thermesina,,extant
Dismorphiinae,Dismorphia,Dismorphia_eunoe,,extant
Dismorphiinae,Dismorphia,Dismorphia_zathoe,,extant
Dismorphiinae,Dismorphia,Dismorphia_lelex,,extant
Dismorphiinae,Dismorphia,Dismorphia_medorilla,,extant
Dismorphiinae,Dismorphia,Dismorphia_niepelti,,extant
Dismorphiinae,Dismorphia,Dismorphia_arcadia,,extant
Dismorphiinae,Dismorphia,Dismorphia_boliviana,,extant
Dismorphiinae,Dismorphia,Dismorphia_thermesia,,extant
Dismorphiinae,Dismorphia,Dismorphia_cubana,,extant
Dismorphiinae,Dismorphia,Dismorphia_zaela,,extant
Dismorphiinae,Dismorphia,Dismorphia_laja,,extant
Dismorphiinae,Dismorphia,Dismorphia_lua,,extant
Dismorphiinae,Dismorphia,Dismorphia_lygdamis,,extant
Dismorphiinae,Dismorphia,Dismorphia_medora,,extant
Dismorphiinae,Dismorphia,Dismorphia_mirandola,,extant
Dismorphiinae,Dismorphia,Dismorphia_amphione,,extant
Dismorphiinae,Dismorphia,Dismorphia_spio,,extant
Dismorphiinae,Dismorphia,Dismorphia_astyocha,,extant
Dismorphiinae,Dismorphia,Dismorphia_theucharila,,extant
Dismorphiinae,Dismorphia,Dismorphia_hyposticta,,extant
Dismorphiinae,Dismorphia,Dismorphia_lewyi,,extant
Dismorphiinae,Dismorphia,Dismorphia_lycosura,,extant
Dismorphiinae,Dismorphia,Dismorphia_lysis,,extant
Dismorphiinae,Dismorphia,Dismorphia_melia,,extant
Dismorphiinae,Dismorphia,Dismorphia_altis,,extant
Dismorphiinae,Dismorphia,Dismorphia_pseudolewyi,,extant
Pierinae,Euchloe,Euchloe_lotta,,extant
Pierinae,Euchloe,Euchloe_tagis,,extant
Pierinae,Euchloe,Euchloe_ausonia,,extant
Pierinae,Euchloe,Euchloe_falloui,,extant
Pierinae,Euchloe,Euchloe_insularis,,extant
Pierinae,Euchloe,Euchloe_olympia,,extant
Pierinae,Euchloe,Euchloe_ausonides,,extant
Pierinae,Euchloe,Euchloe_creusa,,extant
Pierinae,Euchloe,Euchloe_lessei,,extant
Pierinae,Euchloe,Euchloe_simplonia,,extant
Pierinae,Euchloe,Euchloe_aegyptiaca,,extant
Pierinae,Euchloe,Euchloe_belemia,,extant
Pierinae,Euchloe,Euchloe_daphalis,,extant
Pierinae,Euchloe,Euchloe_guaymasensis,,extant
Pierinae,Euchloe,Euchloe_hyantis,,extant
Pierinae,Catopsilia,Catopsilia_pomona,,extant
Pierinae,Catopsilia,Catopsilia_gorgophone,,extant
Pierinae,Catopsilia,Catopsilia_boisduvalii,,extant
Pierinae,Catopsilia,Catopsilia_scylla,,extant
Pierinae,Catopsilia,Catopsilia_mabillei,,extant
Pierinae,Catopsilia,Catopsilia_florella,,extant
Pierinae,Catopsilia,Catopsilia_thauruma,,extant
Pierinae,Catopsilia,Catopsilia_pyranthe,,extant
Pierinae,Catopsilia,Catopsilia_grandidieri,,extant
Pierinae,Delias,Delias_oktanglap,,extant
Pierinae,Delias,Delias_bagoe,,extant
Pierinae,Delias,Delias_zebuda,,extant
Pierinae,Delias,Delias_menooensis,,extant
Pierinae,Delias,Delias_abrophora,,extant
Pierinae,Delias,Delias_subnubila,,extant
Pierinae,Delias,Delias_kuehni,,extant
Pierinae,Delias,Delias_roepkei,,extant
Pierinae,Delias,Delias_campbelli,,extant
Pierinae,Delias,Delias_awongkor,,extant
Pierinae,Delias,Delias_melusina,,extant
Pierinae,Delias,Delias_subapicalis,,extant
Pierinae,Delias,Delias_dixeyi,,extant
Pierinae,Delias,Delias_konokono,,extant
Pierinae,Delias,Delias_rileyi,,extant
Pierinae,Delias,Delias_callista,,extant
Pierinae,Delias,Delias_autumnalis,,extant
Pierinae,Delias,Delias_zebra,,extant
Pierinae,Delias,Delias_euphemia,,extant
Pierinae,Delias,Delias_meeki,,extant
Pierinae,Delias,Delias_stresemanni,,extant
Pierinae,Delias,Delias_discus,,extant
Pierinae,Delias,Delias_ribbei,,extant
Pierinae,Delias,Delias_henningia,,extant
Pierinae,Delias,Delias_nysa,,extant
Pierinae,Delias,Delias_aurantiaca,,extant
Pierinae,Delias,Delias_yabensis,,extant
Pierinae,Delias,Delias_eumolpe,,extant
Pierinae,Delias,Delias_mavroneria,,extant
Pierinae,Delias,Delias_splendida,,extant
Pierinae,Delias,Delias_dice,,extant
Pierinae,Delias,Delias_klossi,,extant
Pierinae,Delias,Delias_pulla,,extant
Pierinae,Delias,Delias_callima,,extant
Pierinae,Delias,Delias_hempeli,,extant
Pierinae,Delias,Delias_nuydaorum,,extant
Pierinae,Delias,Delias_aruna,,extant
Pierinae,Delias,Delias_woodi,,extant
Pierinae,Delias,Delias_eudiabolus,,extant
Pierinae,Delias,Delias_sphenodiscus,,extant
Pierinae,Delias,Delias_diaphana,,extant
Pierinae,Delias,Delias_kenricki,,extant
Pierinae,Delias,Delias_caliban,,extant
Pierinae,Delias,Delias_hemianops,,extant
Pierinae,Delias,Delias_ninus,,extant
Pierinae,Delias,Delias_aroae,,extant
Pierinae,Delias,Delias_wollastoni,,extant
Pierinae,Delias,Delias_eucharis,,extant
Pierinae,Delias,Delias_maudei,,extant
Pierinae,Delias,Delias_singhapura,,extant
Pierinae,Delias,Delias_destrigata,,extant
Pierinae,Delias,Delias_laknekei,,extant
Pierinae,Delias,Delias_pseudomarguerita,,extant
Pierinae,Delias,Delias_caeneus,,extant
Pierinae,Delias,Delias_harpalyce,,extant
Pierinae,Delias,Delias_nigropunctata,,extant
Pierinae,Delias,Delias_argenthona,,extant
Pierinae,Delias,Delias_wilemani,,extant
Pierinae,Delias,Delias_eschatia,,extant
Pierinae,Delias,Delias_mariae,,extant
Pierinae,Delias,Delias_simanabum,,extant
Pierinae,Delias,Delias_kazueae,,extant
Pierinae,Delias,Delias_prouti,,extant
Pierinae,Delias,Delias_buruana,,extant
Pierinae,Delias,Delias_hapalina,,extant
Pierinae,Delias,Delias_nigrina,,extant
Pierinae,Delias,Delias_argentata,,extant
Pierinae,Delias,Delias_weiskei,,extant
Pierinae,Delias,Delias_enniana,,extant
Pierinae,Delias,Delias_marguerita,,extant
Pierinae,Delias,Delias_sigit,,extant
Pierinae,Delias,Delias_descombesi,,extant
Pierinae,Delias,Delias_jordani,,extant
Pierinae,Delias,Delias_bothwelli,,extant
Pierinae,Delias,Delias_hallstromi,,extant
Pierinae,Delias,Delias_arfakensis,,extant
Pierinae,Delias,Delias_waterstradti,,extant
Pierinae,Delias,Delias_ennia,,extant
Pierinae,Delias,Delias_manuselensis,,extant
Pierinae,Delias,Delias_denigrata,,extant
Pierinae,Delias,Delias_joiceyi,,extant
Pierinae,Delias,Delias_bosnikiana,,extant
Pierinae,Delias,Delias_hagenensis,,extant
Pierinae,Delias,Delias_nieuwenhuisi,,extant
Pierinae,Delias,Delias_walshae,,extant
Pierinae,Delias,Delias_cyclosticha,,extant
Pierinae,Delias,Delias_mayrhoferi,,extant
Pierinae,Delias,Delias_pratti,,extant
Pierinae,Delias,Delias_bornemanni,,extant
Pierinae,Delias,Delias_gilliardi,,extant
Pierinae,Delias,Delias_niepelti,,extant
Pierinae,Delias,Delias_madetes,,extant
Pierinae,Delias,Delias_shirozui,,extant
Pierinae,Delias,Delias_cuningputi,,extant
Pierinae,Delias,Delias_shunichii,,extant
Pierinae,Delias,Delias_poecilea,,extant
Pierinae,Delias,Delias_geraldina,,extant
Pierinae,Delias,Delias_neeltje,,extant
Pierinae,Delias,Delias_arabuana,,extant
Pierinae,Delias,Delias_virgo,,extant
Pierinae,Delias,Delias_endela,,extant
Pierinae,Delias,Delias_lytaea,,extant
Pierinae,Delias,Delias_schuppi,,extant
Pierinae,Delias,Delias_crithoe,,extant
Pierinae,Delias,Delias_germana,,extant
Pierinae,Delias,Delias_phippsi,,extant
Pierinae,Delias,Delias_bobaga,,extant
Pierinae,Delias,Delias_georgina,,extant
Pierinae,Delias,Delias_neagra,,extant
Pierinae,Delias,Delias_approximata,,extant
Pierinae,Delias,Delias_elongatus,,extant
Pierinae,Delias,Delias_luteola,,extant
Pierinae,Delias,Delias_itamputi,,extant
Pierinae,Delias,Delias_schoenigi,,extant
Pierinae,Delias,Delias_inexpectata,,extant
Pierinae,Delias,Delias_pheres,,extant
Pierinae,Delias,Delias_blanca,,extant
Pierinae,Delias,Delias_apoensis,,extant
Pierinae,Delias,Delias_vidua,,extant
Pierinae,Delias,Delias_ellipsis,,extant
Pierinae,Delias,Delias_luctuosa,,extant
Pierinae,Delias,Delias_schoenbergi,,extant
Pierinae,Delias,Delias_clathrata,,extant
Pierinae,Delias,Delias_iltis,,extant
Pierinae,Delias,Delias_periboea,,extant
Pierinae,Delias,Delias_isocharis,,extant
Pierinae,Delias,Delias_narses,,extant
Pierinae,Delias,Delias_apatela,,extant
Pierinae,Delias,Delias_toxopei,,extant
Pierinae,Delias,Delias_ligata,,extant
Pierinae,Delias,Delias_schmassmanni,,extant
Pierinae,Delias,Delias_citrona,,extant
Pierinae,Delias,Delias_patrua,,extant
Pierinae,Delias,Delias_biaka,,extant
Pierinae,Delias,Delias_ganymedes,,extant
Pierinae,Delias,Delias_nakanokeikoae,,extant
Pierinae,Delias,Delias_angiensis,,extant
Pierinae,Delias,Delias_totila,,extant
Pierinae,Delias,Delias_eileenae,,extant
Pierinae,Delias,Delias_levicki,,extant
Pierinae,Delias,Delias_sawyeri,,extant
Pierinae,Delias,Delias_cinerascens,,extant
Pierinae,Delias,Delias_imitator,,extant
Pierinae,Delias,Delias_berinda,,extant
Pierinae,Delias,Delias_gabia,,extant
Pierinae,Delias,Delias_isse,,extant
Pierinae,Delias,Delias_nais,,extant
Pierinae,Delias,Delias_angabungana,,extant
Pierinae,Delias,Delias_timorensis,,extant
Pierinae,Delias,Delias_eichhorni,,extant
Pierinae,Delias,Delias_sanaca,,extant
Pierinae,Delias,Delias_chrysomelaena,,extant
Pierinae,Delias,Delias_pasithoe,,extant
Pierinae,Delias,Delias_benasu,,extant
Pierinae,Delias,Delias_funerea,,extant
Pierinae,Delias,Delias_mysis,,extant
Pierinae,Delias,Delias_alepa,,extant
Pierinae,Delias,Delias_thompsoni,,extant
Pierinae,Delias,Delias_edela,,extant
Pierinae,Delias,Delias_leucobalia,,extant
Pierinae,Delias,Delias_sambawana,,extant
Pierinae,Delias,Delias_hypoxantha,,extant
Pierinae,Delias,Delias_parennia,,extant
Pierinae,Delias,Delias_belladonna,,extant
Pierinae,Delias,Delias_fruhstorferi,,extant
Pierinae,Delias,Delias_momea,,extant
Pierinae,Delias,Delias_albertisi,,extant
Pierinae,Delias,Delias_themis,,extant
Pierinae,Delias,Delias_echidna,,extant
Pierinae,Delias,Delias_leucias,,extant
Pierinae,Delias,Delias_salvini,,extant
Pierinae,Delias,Delias_chimbu,,extant
Pierinae,Delias,Delias_hypomelas,,extant
Pierinae,Delias,Delias_paoaiensis,,extant
Pierinae,Delias,Delias_belisama,,extant
Pierinae,Delias,Delias_flavissima,,extant
Pierinae,Delias,Delias_alberti,,extant
Pierinae,Delias,Delias_tessei,,extant
Pierinae,Delias,Delias_duris,,extant
Pierinae,Delias,Delias_lemoulti,,extant
Pierinae,Delias,Delias_catocausta,,extant
Pierinae,Delias,Delias_hyperapproximata,,extant
Pierinae,Delias,Delias_paniaia,,extant
Pierinae,Delias,Delias_battana,,extant
Pierinae,Delias,Delias_flavistriga,,extant
Pierinae,Delias,Delias_mitisi,,extant
Pierinae,Delias,Delias_agostina,,extant
Pierinae,Delias,Delias_telefominensis,,extant
Pierinae,Delias,Delias_dumasi,,extant
Pierinae,Delias,Delias_sagessa,,extant
Pierinae,Delias,Delias_catisa,,extant
Pierinae,Delias,Delias_hyparete,,extant
Pierinae,Delias,Delias_baracasa,,extant
Pierinae,Delias,Delias_fioretto,,extant
Pierinae,Delias,Delias_mira,,extant
Pierinae,Delias,Delias_talboti,,extant
Pierinae,Delias,Delias_lecerfi,,extant
Pierinae,Delias,Delias_castaneus,,extant
Pierinae,Delias,Delias_hippodamia,,extant
Pierinae,Delias,Delias_ottonia,,extant
Pierinae,Delias,Delias_balimensis,,extant
Pierinae,Delias,Delias_fasciata,,extant
Pierinae,Delias,Delias_microsticha,,extant
Pierinae,Delias,Delias_doylei,,extant
Pierinae,Delias,Delias_lativitta,,extant
Pierinae,Delias,Delias_sacha,,extant
Pierinae,Delias,Delias_carstensziana,,extant
Pierinae,Delias,Delias_hikarui,,extant
Pierinae,Delias,Delias_orphne,,extant
Pierinae,Delias,Delias_fascelis,,extant
Pierinae,Delias,Delias_messalina,,extant
Pierinae,Delias,Delias_agoranis,,extant
Pierinae,Delias,Delias_dorylaea,,extant
Pierinae,Delias,Delias_langda,,extant
Pierinae,Delias,Delias_rothschildi,,extant
Pierinae,Delias,Delias_caroli,,extant
Pierinae,Delias,Delias_hiemalis,,extant
Pierinae,Delias,Delias_ornytion,,extant
Pierinae,Delias,Delias_bakeri,,extant
Pierinae,Delias,Delias_aganippe,,extant
Pierinae,Delias,Delias_surprisa,,extant
Pierinae,Delias,Delias_dorimene,,extant
Pierinae,Delias,Delias_ladas,,extant
Pierinae,Delias,Delias_rosenbergi,,extant
Pierinae,Delias,Delias_hidecoae,,extant
Pierinae,Delias,Delias_oraia,,extant
Pierinae,Delias,Delias_eximia,,extant
Pierinae,Delias,Delias_mesoblema,,extant
Pierinae,Delias,Delias_acalis,,extant
Pierinae,Delias,Delias_subviridis,,extant
Pierinae,Delias,Delias_dohertyi,,extant
Pierinae,Delias,Delias_kummeri,,extant
Pierinae,Delias,Delias_rosamontana,,extant
Pierinae,Delias,Delias_candida,,extant
Pierinae,Delias,Delias_heroni,,extant
Coliadinae,Phoebis,Phoebis_philea,,extant
Coliadinae,Phoebis,Phoebis_avellaneda,,extant
Coliadinae,Phoebis,Phoebis_neocypris,,extant
Coliadinae,Phoebis,Phoebis_agarithe,,extant
Coliadinae,Phoebis,Phoebis_sennae,,extant
Coliadinae,Phoebis,Phoebis_editha,,extant
Coliadinae,Phoebis,Phoebis_argante,,extant
Pierinae,Gideona,Gideona_lucasi,,extant
Pierinae,Nepheronia,Nepheronia_thalassina,,extant
Pierinae,Nepheronia,Nepheronia_pharis,,extant
Pierinae,Nepheronia,Nepheronia_buquetii,,extant
Pierinae,Nepheronia,Nepheronia_argia,,extant
Pierinae,Piercolias,Piercolias_huanaco,,extant
Pierinae,Piercolias,Piercolias_coropunae,,extant
Pierinae,Piercolias,Piercolias_forsteri,,extant
Dismorphiinae,Enantia,Enantia_lina,,extant
Dismorphiinae,Enantia,Enantia_citrinella,,extant
Pierinae,Anthocharis,Anthocharis_bambusarum,,extant
Pierinae,Anthocharis,Anthocharis_euphenoides,,extant
Pierinae,Anthocharis,Anthocharis_sara,,extant
Pierinae,Anthocharis,Anthocharis_thoosa,,extant
Pierinae,Anthocharis,Anthocharis_lanceolata,,extant
Pierinae,Anthocharis,Anthocharis_belia,,extant
Pierinae,Anthocharis,Anthocharis_cethura,,extant
Pierinae,Anthocharis,Anthocharis_gruneri,,extant
Pierinae,Anthocharis,Anthocharis_stella,,extant
Pierinae,Anthocharis,Anthocharis_bieti,,extant
Pierinae,Anthocharis,Anthocharis_midea,,extant
Pierinae,Anthocharis,Anthocharis_cardamines,,extant
Pierinae,Anthocharis,Anthocharis_damone,,extant
Pierinae,Anthocharis,Anthocharis_julia,,extant
Pierinae,Anthocharis,Anthocharis_scolymus,,extant
Pierinae,Cepora,Cepora_vaga,,extant
Pierinae,Cepora,Cepora_abnormis,,extant
Pierinae,Cepora,Cepora_bathseba,,extant
Pierinae,Cepora,Cepora_ethel,,extant
Pierinae,Cepora,Cepora_iudith,,extant
Pierinae,Cepora,Cepora_licaea,,extant
Pierinae,Cepora,Cepora_nadina,,extant
Pierinae,Cepora,Cepora_pactolicus,,extant
Pierinae,Cepora,Cepora_temena,,extant
Pierinae,Cepora,Cepora_amarella,,extant
Pierinae,Cepora,Cepora_boisduvaliana,,extant
Pierinae,Cepora,Cepora_eperia,,extant
Pierinae,Cepora,Cepora_eurygonia,,extant
Pierinae,Cepora,Cepora_julia,,extant
Pierinae,Cepora,Cepora_lichenosa,,extant
Pierinae,Cepora,Cepora_nerissa,,extant
Pierinae,Cepora,Cepora_perimale,,extant
Pierinae,Cepora,Cepora_timnatha,,extant
Pierinae,Cepora,Cepora_aspasia,,extant
Pierinae,Cepora,Cepora_celebensis,,extant
Pierinae,Cepora,Cepora_fora,,extant
Pierinae,Cepora,Cepora_laeta,,extant
Pierinae,Cepora,Cepora_quadricolor,,extant
Coliadinae,Colias,Colias_heos,,extant
Coliadinae,Colias,Colias_palaeno,,extant
Pierinae,Dixeia,Dixeia_piscicollis,,extant
Pierinae,Dixeia,Dixeia_orbona,,extant
Pierinae,Dixeia,Dixeia_dixeyi,,extant
Pierinae,Dixeia,Dixeia_leucophanes,,extant
Pierinae,Dixeia,Dixeia_charina,,extant
Pierinae,Dixeia,Dixeia_capricornus,,extant
Pierinae,Dixeia,Dixeia_spilleri,,extant
Pierinae,Dixeia,Dixeia_pigea,,extant
Pierinae,Dixeia,Dixeia_doxo,,extant
Pierinae,Dixeia,Dixeia_cebron,,extant
Coliadinae,Pyrisitia,Pyrisitia_venusta,,extant
Coliadinae,Pyrisitia,Pyrisitia_portoricensis,,extant
Coliadinae,Pyrisitia,Pyrisitia_lisa,,extant
Coliadinae,Pyrisitia,Pyrisitia_euterpiformis,,extant
Coliadinae,Pyrisitia,Pyrisitia_chamberlaini,,extant
Coliadinae,Pyrisitia,Pyrisitia_pyro,,extant
Coliadinae,Pyrisitia,Pyrisitia_nise,,extant
Coliadinae,Pyrisitia,Pyrisitia_leuce,,extant
Coliadinae,Pyrisitia,Pyrisitia_proterpia,,extant
Coliadinae,Pyrisitia,Pyrisitia_messalina,,extant
Coliadinae,Pyrisitia,Pyrisitia_dina,,extant
Pierinae,Hebomoia,Hebomoia_glaucippe,,extant
Pierinae,Hebomoia,Hebomoia_leucippe,,extant
Dismorphiinae,Moschoneura,Moschoneura_pinthous,,extant
Pierinae,Calopieris,Calopieris_eulimene,,extant
Pierinae,Zegris,Zegris_pyrothoe,,extant
Pierinae,Zegris,Zegris_fausti,,extant
Pierinae,Zegris,Zegris_eupheme,,extant
Pierinae,Charonias,Charonias_eurytele,,extant
Pierinae,Charonias,Charonias_theano,,extant
Pierinae,Catasticta,Catasticta_rileya,,extant
Pierinae,Catasticta,Catasticta_apaturina,,extant
Pierinae,Catasticta,Catasticta_amastris,,extant
Pierinae,Catasticta,Catasticta_anaitis,,extant
Pierinae,Catasticta,Catasticta_hebra,,extant
Pierinae,Catasticta,Catasticta_philodora,,extant
Pierinae,Catasticta,Catasticta_vulnerata,,extant
Pierinae,Catasticta,Catasticta_sinapina,,extant
Pierinae,Catasticta,Catasticta_poujadei,,extant
Pierinae,Catasticta,Catasticta_abiseo,,extant
Pierinae,Catasticta,Catasticta_collina,,extant
Pierinae,Catasticta,Catasticta_pinava,,extant
Pierinae,Catasticta,Catasticta_susiana,,extant
Pierinae,Catasticta,Catasticta_thomasorum,,extant
Pierinae,Catasticta,Catasticta_striata,,extant
Pierinae,Catasticta,Catasticta_eurigania,,extant
Pierinae,Catasticta,Catasticta_nimbata,,extant
Pierinae,Catasticta,Catasticta_watkinsi,,extant
Pierinae,Catasticta,Catasticta_grisea,,extant
Pierinae,Catasticta,Catasticta_tricolor,,extant
Pierinae,Catasticta,Catasticta_sella,,extant
Pierinae,Catasticta,Catasticta_paucartambo,,extant
Pierinae,Catasticta,Catasticta_colla,,extant
Pierinae,Catasticta,Catasticta_incerta,,extant
Pierinae,Catasticta,Catasticta_teutila,,extant
Pierinae,Catasticta,Catasticta_distincta,,extant
Pierinae,Catasticta,Catasticta_modesta,,extant
Pierinae,Catasticta,Catasticta_troezene,,extant
Pierinae,Catasticta,Catasticta_affinis,,extant
Pierinae,Catasticta,Catasticta_fulva,,extant
Pierinae,Catasticta,Catasticta_philais,,extant
Pierinae,Catasticta,Catasticta_tamsa,,extant
Pierinae,Catasticta,Catasticta_seitzi,,extant
Pierinae,Catasticta,Catasticta_duida,,extant
Pierinae,Catasticta,Catasticta_marcapita,,extant
Pierinae,Catasticta,Catasticta_chelidonis,,extant
Pierinae,Catasticta,Catasticta_huebneri,,extant
Pierinae,Catasticta,Catasticta_pieris,,extant
Pierinae,Catasticta,Catasticta_suasa,,extant
Pierinae,Catasticta,Catasticta_superba,,extant
Pierinae,Catasticta,Catasticta_manco,,extant
Pierinae,Catasticta,Catasticta_reducta,,extant
Pierinae,Catasticta,Catasticta_teutamis,,extant
Pierinae,Catasticta,Catasticta_albofasciata,,extant
Pierinae,Catasticta,Catasticta_frontina,,extant
Pierinae,Catasticta,Catasticta_pharnakia,,extant
Pierinae,Catasticta,Catasticta_lisa,,extant
Pierinae,Catasticta,Catasticta_cora,,extant
Pierinae,Catasticta,Catasticta_cinerea,,extant
Pierinae,Catasticta,Catasticta_bithys,,extant
Pierinae,Catasticta,Catasticta_huancabambensis,,extant
Pierinae,Catasticta,Catasticta_philothea,,extant
Pierinae,Catasticta,Catasticta_suadela,,extant
Pierinae,Catasticta,Catasticta_similis,,extant
Pierinae,Catasticta,Catasticta_socorrensis,,extant
Pierinae,Catasticta,Catasticta_discalba,,extant
Pierinae,Catasticta,Catasticta_lycurgus,,extant
Pierinae,Catasticta,Catasticta_radiata,,extant
Pierinae,Catasticta,Catasticta_truncata,,extant
Pierinae,Catasticta,Catasticta_flisa,,extant
Pierinae,Catasticta,Catasticta_notha,,extant
Pierinae,Catasticta,Catasticta_lanceolata,,extant
Pierinae,Catasticta,Catasticta_scurra,,extant
Pierinae,Catasticta,Catasticta_chrysolopha,,extant
Pierinae,Catasticta,Catasticta_cerberus,,extant
Pierinae,Catasticta,Catasticta_aureomaculata,,extant
Pierinae,Catasticta,Catasticta_philoscia,,extant
Pierinae,Catasticta,Catasticta_smithia,,extant
Pierinae,Catasticta,Catasticta_revancha,,extant
Pierinae,Catasticta,Catasticta_semiramis,,extant
Pierinae,Catasticta,Catasticta_ctemene,,extant
Pierinae,Catasticta,Catasticta_ludovici,,extant
Pierinae,Catasticta,Catasticta_prioneris,,extant
Pierinae,Catasticta,Catasticta_tomyris,,extant
Pierinae,Catasticta,Catasticta_vilcabamba,,extant
Pierinae,Catasticta,Catasticta_ferra,,extant
Pierinae,Catasticta,Catasticta_nimbice,,extant
Pierinae,Catasticta,Catasticta_potameoides,,extant
Pierinae,Catasticta,Catasticta_scaeva,,extant
Pierinae,Catasticta,Catasticta_atahuallpa,,extant
Pierinae,Catasticta,Catasticta_arborardens,,extant
Pierinae,Catasticta,Catasticta_hegemon,,extant
Pierinae,Catasticta,Catasticta_philone,,extant
Pierinae,Catasticta,Catasticta_sisamnus,,extant
Pierinae,Catasticta,Catasticta_rosea,,extant
Pierinae,Catasticta,Catasticta_corcyra,,extant
Pierinae,Catasticta,Catasticta_leucophaea,,extant
Pierinae,Catasticta,Catasticta_pluvius,,extant
Pierinae,Catasticta,Catasticta_theresa,,extant
Pierinae,Catasticta,Catasticta_toca,,extant
Pierinae,Catasticta,Catasticta_uricoecheae,,extant
Coliadinae,Leucidia,Leucidia_brephos,,extant
Coliadinae,Leucidia,Leucidia_elvina,,extant
Pierinae,Pinacopteryx,Pinacopteryx_eriphia,,extant
Pierinae,Hypsochila,Hypsochila_microdice,,extant
Pierinae,Hypsochila,Hypsochila_argyrodice,,extant
Pierinae,Hypsochila,Hypsochila_wagenknechti,,extant
Pierinae,Hypsochila,Hypsochila_huemul,,extant
Pierinae,Hypsochila,Hypsochila_penai,,extant
Pierinae,Hypsochila,Hypsochila_galactodice,,extant
Coliadinae,Nathalis,Nathalis_plauta,,extant
Coliadinae,Nathalis,Nathalis_iole,,extant
Pierinae,Aporia,Aporia_crataegi,,extant
Coliadinae,Teriocolias,Teriocolias_zelia,,extant
Pierinae,Infraphulia,Infraphulia_madeleinea,,extant
Pierinae,Infraphulia,Infraphulia_illimani,,extant
Pierinae,Infraphulia,Infraphulia_ilyodes,,extant
Pierinae,Pontia,Pontia_callidice,,extant
Pierinae,Pontia,Pontia_chloridice,,extant
Pierinae,Pontia,Pontia_helice,,extant
Pierinae,Pontia,Pontia_daplidice,,extant
Pierinae,Pontia,Pontia_edusa,,extant
Pierinae,Hesperocharis,Hesperocharis_nera,,extant
Pierinae,Hesperocharis,Hesperocharis_graphites,,extant
Pierinae,Hesperocharis,Hesperocharis_anguitia,,extant
Pierinae,Hesperocharis,Hesperocharis_paranensis,,extant
Pierinae,Hesperocharis,Hesperocharis_marchalii,,extant
Pierinae,Hesperocharis,Hesperocharis_erota,,extant
Pierinae,Hesperocharis,Hesperocharis_crocea,,extant
Pierinae,Hesperocharis,Hesperocharis_nereina,,extant
Pierinae,Hesperocharis,Hesperocharis_leucania,,extant
Pierinae,Hesperocharis,Hesperocharis_emeris,,extant
Dismorphiinae,Pseudopieris,Pseudopieris_nehemia,,extant
Dismorphiinae,Pseudopieris,Pseudopieris_viridula,,extant
Coliadinae,Eurema,Eurema_lucina,,extant
Coliadinae,Eurema,Eurema_arbela,,extant
Coliadinae,Eurema,Eurema_hecabe,,extant
Coliadinae,Eurema,Eurema_smilax,,extant
Coliadinae,Eurema,Eurema_xantochlora,,extant
Pierinae,Colotis,Colotis_liagore,,extant
Pierinae,Colotis,Colotis_eris,,extant
Pierinae,Colotis,Colotis_etrida,,extant
Pierinae,Colotis,Colotis_pleione,,extant
Pierinae,Colotis,Colotis_eunoma,,extant
Pierinae,Colotis,Colotis_regina,,extant
Pierinae,Colotis,Colotis_evanthe,,extant
Pierinae,Colotis,Colotis_aurora,,extant
Pierinae,Colotis,Colotis_fausta,,extant
Pierinae,Colotis,Colotis_ungemachi,,extant
Pierinae,Colotis,Colotis_chrysonome,,extant
Pierinae,Colotis,Colotis_halimede,,extant
Pierinae,Colotis,Colotis_vestalis,,extant
Pierinae,Colotis,Colotis_danae,,extant
Pierinae,Colotis,Colotis_ione,,extant
Pierinae,Colotis,Colotis_ephyia,,extant
Pierinae,Colotis,Colotis_phisadia,,extant
Pierinae,Colotis,Colotis_euippe,,extant
Pierinae,Colotis,Colotis_protractus,,extant
Pierinae,Colotis,Colotis_amata,,extant
Pierinae,Colotis,Colotis_semiramis,,extant
Pierinae,Colotis,Colotis_aurigineus,,extant
Pierinae,Colotis,Colotis_evenina,,extant
Pierinae,Colotis,Colotis_celimene,,extant
Pierinae,Colotis,Colotis_guenei,,extant
Pierinae,Colotis,Colotis_vesta,,extant
Pierinae,Colotis,Colotis_daira,,extant
Pierinae,Colotis,Colotis_hildebrandti,,extant
Pierinae,Colotis,Colotis_doubledayi,,extant
Pierinae,Colotis,Colotis_elgonensis,,extant
Pierinae,Colotis,Colotis_mananhari,,extant
Pierinae,Colotis,Colotis_erone,,extant
Pierinae,Colotis,Colotis_pallene,,extant
Pierinae,Colotis,Colotis_eucharis,,extant
Pierinae,Colotis,Colotis_protomedia,,extant
Pierinae,Colotis,Colotis_agoye,,extant
Pierinae,Colotis,Colotis_evagore,,extant
Pierinae,Colotis,Colotis_rogersi,,extant
Pierinae,Colotis,Colotis_antevippe,,extant
Pierinae,Colotis,Colotis_evanthides,,extant
Pierinae,Colotis,Colotis_subfasciatus,,extant
Pierinae,Colotis,Colotis_auxo,,extant
Pierinae,Colotis,Colotis_venosa,,extant
Pierinae,Colotis,Colotis_hetaera,,extant
Pierinae,Colotis,Colotis_zoe,,extant
Pierinae,Colotis,Colotis_dissociatus,,extant
Pierinae,Colotis,Colotis_lais,,extant
Pierinae,Colotis,Colotis_eborea,,extant
Pierinae,Leptophobia,Leptophobia_aripa,,extant
Pierinae,Leptophobia,Leptophobia_cinerea,,extant
Pierinae,Leptophobia,Leptophobia_eleone,,extant
Pierinae,Leptophobia,Leptophobia_eucosma,,extant
Pierinae,Leptophobia,Leptophobia_nephthis,,extant
Pierinae,Leptophobia,Leptophobia_penthica,,extant
Pierinae,Leptophobia,Leptophobia_pinara,,extant
Pierinae,Leptophobia,Leptophobia_caesia,,extant
Pierinae,Leptophobia,Leptophobia_eleusis,,extant
Pierinae,Leptophobia,Leptophobia_gonzaga,,extant
Pierinae,Leptophobia,Leptophobia_tovaria,,extant
Pierinae,Leptophobia,Leptophobia_forsteri,,extant
Pierinae,Leptophobia,Leptophobia_diaguita,,extant
Pierinae,Leptophobia,Leptophobia_erinna,,extant
Pierinae,Leptophobia,Leptophobia_helena,,extant
Pierinae,Leptophobia,Leptophobia_olympia,,extant
Pierinae,Leptophobia,Leptophobia_philoma,,extant
Coliadinae,Dercas,Dercas_lycorias,,extant
Coliadinae,Dercas,Dercas_verhuelli,,extant
Coliadinae,Dercas,Dercas_nina,,extant
Coliadinae,Dercas,Dercas_gobrias,,extant
Pierinae,Aoa,Aoa_affinis,,extant
Pierinae,Itaballia,Itaballia_pandosia,,extant
Pierinae,Itaballia,Itaballia_marana,,extant
Pierinae,Itaballia,Itaballia_demophile,,extant
Pierinae,Prioneris,Prioneris_vollenhovii,,extant
Pierinae,Prioneris,Prioneris_philonome,,extant
Pierinae,Prioneris,Prioneris_cornelia,,extant
Pierinae,Prioneris,Prioneris_thestylis,,extant
Pierinae,Prioneris,Prioneris_autothisbe,,extant
Pierinae,Prioneris,Prioneris_sita,,extant
Pierinae,Prioneris,Prioneris_hypsipyle,,extant
Dismorphiinae,Patia,Patia_cordillera,,extant
Dismorphiinae,Patia,Patia_rhetes,,extant
Dismorphiinae,Patia,Patia_orise,,extant
Pierinae,Pieris,Pieris_mannii,,extant
Pierinae,Pieris,Pieris_napi,,extant
Pierinae,Pieris,Pieris_rapae,,extant
Pierinae,Pieris,Pieris_balcana,,extant
Pierinae,Pieris,Pieris_krueperi,,extant
Pierinae,Pieris,Pieris_brassicae,,extant
Pierinae,Pieris,Pieris_cheiranthi,,extant
Pierinae,Pieris,Pieris_ergane,,extant
Coliadinae,Gandaca,Gandaca_butyrosa,,extant
Coliadinae,Gandaca,Gandaca_harina,,extant
Pierinae,Phulia,Phulia_nymphula,,extant
Pierinae,Phulia,Phulia_nannophyes,,extant
Pierinae,Phulia,Phulia_paranympha,,extant
Pierinae,Phulia,Phulia_garleppi,,extant
Pierinae,Elodina,Elodina_andropis,,extant
Pierinae,Elodina,Elodina_signata,,extant
Pierinae,Elodina,Elodina_anticyra,,extant
Pierinae,Elodina,Elodina_therasia,,extant
Pierinae,Elodina,Elodina_biaka,,extant
Pierinae,Elodina,Elodina_definita,,extant
Pierinae,Elodina,Elodina_hypatia,,extant
Pierinae,Elodina,Elodina_leefmansi,,extant
Pierinae,Elodina,Elodina_perdita,,extant
Pierinae,Elodina,Elodina_primularis,,extant
Pierinae,Elodina,Elodina_queenslandica,,extant
Pierinae,Elodina,Elodina_angulipennis,,extant
Pierinae,Elodina,Elodina_sota,,extant
Pierinae,Elodina,Elodina_aruensis,,extant
Pierinae,Elodina,Elodina_walkeri,,extant
Pierinae,Elodina,Elodina_egnatia,,extant
Pierinae,Elodina,Elodina_invisibilis,,extant
Pierinae,Elodina,Elodina_parthia,,extant
Pierinae,Elodina,Elodina_pura,,extant
Pierinae,Elodina,Elodina_argypheus,,extant
Pierinae,Elodina,Elodina_umbratica,,extant
Pierinae,Elodina,Elodina_claudia,,extant
Pierinae,Elodina,Elodina_dispar,,extant
Pierinae,Elodina,Elodina_padusa,,extant
Pierinae,Elodina,Elodina_tongura,,extant
Pierinae,Elodina,Elodina_pseudanops,,extant
Pierinae,Pieriballia,Pieriballia_viardi,,extant
Coliadinae,Aphrissa,Aphrissa_statira,,extant
Coliadinae,Aphrissa,Aphrissa_godartiana,,extant
Coliadinae,Aphrissa,Aphrissa_schausi,,extant
Coliadinae,Aphrissa,Aphrissa_neleis,,extant
Coliadinae,Aphrissa,Aphrissa_fluminensis,,extant
Coliadinae,Aphrissa,Aphrissa_wallacei,,extant
Coliadinae,Aphrissa,Aphrissa_orbis,,extant
Coliadinae,Rhabdodryas,Rhabdodryas_trite,Prestonia_clarki,extant
Coliadinae,Kricogonia,Kricogonia_lyside,,extant
Coliadinae,Kricogonia,Kricogonia_cabrerai,,extant
Pierinae,Mathania,Mathania_aureomaculata,,extant
Pierinae,Mathania,Mathania_agasicles,,extant
Pierinae,Mathania,Mathania_leucothea,,extant
Pierinae,Mathania,Mathania_carrizoi,,extant
Pierinae,Mesapia,Mesapia_peloria,,extant
Pierinae,Leodonta,Leodonta_tellane,,extant
Pierinae,Leodonta,Leodonta_zenobina,,extant
Pierinae,Leodonta,Leodonta_tagaste,,extant
Pierinae,Leodonta,Leodonta_zenobia,,extant
Pierinae,Leodonta,Leodonta_dysoni,,extant
Pierinae,Tatochila,Tatochila_orthodice,,extant
Pierinae,Tatochila,Tatochila_mariae,,extant
Pierinae,Tatochila,Tatochila_distincta,,extant
Pierinae,Tatochila,Tatochila_xanthodice,,extant
Pierinae,Tatochila,Tatochila_stigmadice,,extant
Pierinae,Tatochila,Tatochila_mercedis,,extant
Pierinae,Tatochila,Tatochila_inversa,,extant
Pierinae,Tatochila,Tatochila_autodice,,extant
Pierinae,Tatochila,Tatochila_theodice,,extant
Pierinae,Tatochila,Tatochila_sagittata,,extant
Pierinae,Tatochila,Tatochila_homoeodice,,extant
Pierinae,Pierphulia,Pierphulia_rosea,,extant
Pierinae,Pierphulia,Pierphulia_isabela,,extant
Pierinae,Pierphulia,Pierphulia_nysias,,extant
Coliadinae,Abaeis,Abaeis_nicippiformis,,extant
Coliadinae,Abaeis,Abaeis_nicippe,,extant
Pierinae,Appias,Appias_leis,,extant
Pierinae,Appias,Appias_albina,,extant
Pierinae,Melete,Melete_leucadia,,extant
Pierinae,Melete,Melete_polyhymnia,,extant
Pierinae,Melete,Melete_calymnia,,extant
Pierinae,Melete,Melete_salacia,,extant
Pierinae,Melete,Melete_lycimnia,,extant
Pierinae,Udaiana,Udaiana_cynis,,extant
Pierinae,Leuciacria,Leuciacria_acuta,,extant
Pierinae,Reliquia,Reliquia_santamarta,Tatochila_santamarta,extant
Coliadinae,Gonepteryx,Gonepteryx_taiwana,,extant
Coliadinae,Gonepteryx,Gonepteryx_maxima,,extant
Coliadinae,Gonepteryx,Gonepteryx_farinosa,,extant
Coliadinae,Gonepteryx,Gonepteryx_burmensis,,extant
Coliadinae,Gonepteryx,Gonepteryx_cleopatra,,extant
Coliadinae,Gonepteryx,Gonepteryx_aspasia,,extant
Coliadinae,Gonepteryx,Gonepteryx_rhamni,,extant
Coliadinae,Gonepteryx,Gonepteryx_mahaguru,,extant
Coliadinae,Gonepteryx,Gonepteryx_chitralensis,,extant
Coliadinae,Gonepteryx,Gonepteryx_amintha,,extant
Pierinae,Saletara,Saletara_panda,,extant
Pierinae,Saletara,Saletara_liberia,,extant
Pierinae,Saletara,Saletara_cycinna,,extant
Pierinae,Appias,Appias_perlucens,Glutophrissa_perlucens,extant
Pierinae,Appias,Appias_epaphia,Glutophrissa_epaphia,extant
Pierinae,Appias,Appias_sabina,Glutophrissa_sabina,extant
Pierinae,Appias,Appias_lasi,Glutophrissa_lasti,extant
Pierinae,Appias,Appias_punctifera,Glutophrissa_punctifera,extant
Pierinae,Appias,Appias_phaola,Glutophrissa_phaola,extant
Pierinae,Appias,Appias_drusilla,Glutophrissa_drusilla,extant
Pierinae,Appias,Appias_sylvia,Glutophrissa_sylvia,extant
Coliadinae,Zerene,Zerene_cesonia,,extant
Coliadinae,Zerene,Zerene_eurydice,,extant
Coliadinae,Eronia,Eronia_cleodora,,extant
Coliadinae,Afrodryas,Afrodryas_leda,Eronia_leda,extant
Pierinae,Euchloe,Euchloe_naina,,extant
Coliadinae,Gonepteryx,Gonepteryx_maderensis,,extant
Coliadinae,Gonepteryx,Gonepteryx_cleobule,,extant
Pierinae,Euchloe,Euchloe_grancanariensis,,extant
Pierinae,Euchloe,Euchloe_eversi,,extant
Pierinae,Euchloe,Euchloe_hesperidum,,extant
Pierinae,Euchloe,Euchloe_bazae,,extant
Pierinae,Pieris,Pieris_wollastoni,,extant
Pierinae,Pieris,Pieris_bryoniae,,extant
Pierinae,Tatochila,Tatochila_blanchardi,,extant
Pierinae,Anthocharis,Anthocharis_limonea,,extant
Pierinae,Anthocharis,Anthocharis_italorum,,extant
Pierinae,Leptophobia,Leptophobia_tenuicornis,,extant
Dismorphiinae,Dismorphia,Dismorphia_praxinoe,,extant
Dismorphiinae,Dismorphia,Dismorphia_fortunata,,extant
Dismorphiinae,Dismorphia,Dismorphia_desine,,extant
Dismorphiinae,Dismorphia,Dismorphia_hippotas,,extant
Dismorphiinae,Dismorphia,Dismorphia_oreas,,extant
Dismorphiinae,Dismorphia,Dismorphia_pallidula,,extant
Pierinae,Archonias,Archonias_approximata,,extant
Pierinae,Euchloe,Euchloe_pulverata,,extant
Pierinae,Euchloe,Euchloe_crameri,,extant
Pierinae,Euchloe,Euchloe_paravicinii,,extant
Pierinae,Euchloe,Euchloe_pechi,,extant
NA,Miopieris,Miopieris_talboti,,fossil
Pierinae,Melete,Melete_leucanthe,,extant
Pierinae,Melete,Melete_isandra,,extant
Pierinae,Patia,Patia_sororna,,extant
Pierinae,Colotis,Colotis_incretus,,extant
Pierinae,Colotis,Colotis_annae,,extant
Pierinae,Catasticta,Catasticta_gelba,,extant
Pierinae,Catasticta,Catasticta_rochereaui,,extant
Pierinae,Delias,Delias_taiwana,,extant
Pierinae,Delias,Delias_benguetana,,extant
Pierinae,Delias,Delias_ceneus,,extant
Pierinae,Hesperocharis,Hesperocharis_costaricensis,,extant
Coliadinae,Phoebis,Phoebis_godartiana,,extant
Coliadinae,Phoebis,Phoebis_bourkei,,extant
Coliadinae,Phoebis,Phoebis_virgo,,extant
Coliadinae,Phoebis,Phoebis_hersilia,,extant
Pierinae,Oligodonta,Oligodonta_florissantensis,,fossil
Pierinae,Neophasia,Neophasia_menapia,,extant
Pierinae,Neophasia,Neophasia_terlooii,,extant
Pierinae,Baltia,Baltia_butleri,,extant
Pierinae,Baltia,Baltia_shawii,,extant
Pierinae,Ascia,Ascia_erastus,,extant
Pierinae,Ascia,Ascia_corrina,,extant
Pierinae,Ascia,Ascia_nerissa,,extant
Pierinae,Ascia,Ascia_acrisa,,extant
Pierinae,Ascia,Ascia_monuste,,extant
Dismorphiinae,Enantia,Enantia_aloikea,,extant
Dismorphiinae,Enantia,Enantia_clarissa,,extant
Dismorphiinae,Enantia,Enantia_albania,,extant
Dismorphiinae,Enantia,Enantia_melite,,extant
Dismorphiinae,Enantia,Enantia_limnorina,,extant
Dismorphiinae,Enantia,Enantia_mazai,,extant
Dismorphiinae,Enantia,Enantia_jethys,,extant
Coliadinae,Colias,Colias_sifanica,,extant
Coliadinae,Colias,Colias_boothii,,extant
Coliadinae,Colias,Colias_erate,,extant
Coliadinae,Colias,Colias_krauthii,,extant
Coliadinae,Colias,Colias_thisoa,,extant
Coliadinae,Colias,Colias_aegidii,,extant
Coliadinae,Colias,Colias_lesbia,,extant
Coliadinae,Colias,Colias_ponteni,,extant
Coliadinae,Colias,Colias_verhulsti,,extant
Coliadinae,Colias,Colias_aquilonaris,,extant
Coliadinae,Colias,Colias_dimera,,extant
Coliadinae,Colias,Colias_hecla,,extant
Coliadinae,Colias,Colias_mossi,,extant
Coliadinae,Colias,Colias_sieversi,,extant
Coliadinae,Colias,Colias_berylla,,extant
Coliadinae,Colias,Colias_eogene,,extant
Coliadinae,Colias,Colias_johanseni,,extant
Coliadinae,Colias,Colias_occidentalis,,extant
Coliadinae,Colias,Colias_tamerlana,,extant
Coliadinae,Colias,Colias_adelaidae,,extant
Coliadinae,Colias,Colias_chlorocoma,,extant
Coliadinae,Colias,Colias_fieldii,,extant
Coliadinae,Colias,Colias_leechi,,extant
Coliadinae,Colias,Colias_vauthierii,,extant
Coliadinae,Colias,Colias_alpherakii,,extant
Coliadinae,Colias,Colias_croceus,,extant
Coliadinae,Colias,Colias_harfordii,,extant
Coliadinae,Colias,Colias_shahfuladi,,extant
Coliadinae,Colias,Colias_wiskotti,,extant
Coliadinae,Colias,Colias_behrii,,extant
Coliadinae,Colias,Colias_nina,,extant
Coliadinae,Colias,Colias_stoliczkana,,extant
Coliadinae,Colias,Colias_chippewa,,extant
Coliadinae,Colias,Colias_felderi,,extant
Coliadinae,Colias,Colias_ladakensis,,extant
Coliadinae,Colias,Colias_tyche,,extant
Coliadinae,Colias,Colias_alfacariensis,,extant
Coliadinae,Colias,Colias_cocandica,,extant
Coliadinae,Colias,Colias_grumi,,extant
Coliadinae,Colias,Colias_montium,,extant
Coliadinae,Colias,Colias_scudderi,,extant
Coliadinae,Colias,Colias_weberbaueri,,extant
Coliadinae,Colias,Colias_baeckeri,,extant
Coliadinae,Colias,Colias_electo,,extant
Coliadinae,Colias,Colias_interior,,extant
Coliadinae,Colias,Colias_nebulosa,,extant
Coliadinae,Colias,Colias_caucasica,,extant
Coliadinae,Colias,Colias_euxanthe,,extant
Coliadinae,Colias,Colias_lada,,extant
Coliadinae,Colias,Colias_philodice,,extant
Coliadinae,Colias,Colias_tibetana,,extant
Coliadinae,Colias,Colias_alexandra,,extant
Coliadinae,Colias,Colias_chrysotheme,,extant
Coliadinae,Colias,Colias_meadii,,extant
Coliadinae,Colias,Colias_sagartia,,extant
Coliadinae,Colias,Colias_aurorina,,extant
Coliadinae,Colias,Colias_dubia,,extant
Coliadinae,Colias,Colias_hyperborea,,extant
Coliadinae,Colias,Colias_canadensis,,extant
Coliadinae,Colias,Colias_eurytheme,,extant
Coliadinae,Colias,Colias_phicomone,,extant
Coliadinae,Colias,Colias_thula,,extant
Coliadinae,Colias,Colias_christophi,,extant
Coliadinae,Colias,Colias_gigantea,,extant
Coliadinae,Colias,Colias_marcopolo,,extant
Coliadinae,Colias,Colias_regia,,extant
Coliadinae,Colias,Colias_diva,,extant
Coliadinae,Colias,Colias_hyale,,extant
Coliadinae,Colias,Colias_myrmidone,,extant
Coliadinae,Colias,Colias_staudingeri,,extant
Coliadinae,Colias,Colias_erschofii,,extant
Coliadinae,Colias,Colias_pelidne,,extant
Coliadinae,Colias,Colias_thrasibulus,,extant
Coliadinae,Colias,Colias_christina,,extant
Coliadinae,Colias,Colias_flaveola,,extant
Coliadinae,Colias,Colias_alta,,extant
Coliadinae,Colias,Colias_pseudochristina,,extant
Coliadinae,Colias,Colias_viluiensis,,extant
Coliadinae,Colias,Colias_arida,,extant
Pierinae,Ixias,Ixias_ludekingii,,extant
Pierinae,Ixias,Ixias_paluensis,,extant
Pierinae,Ixias,Ixias_reinwardtii,,extant
Pierinae,Ixias,Ixias_weelei,,extant
Pierinae,Ixias,Ixias_flavipennis,,extant
Pierinae,Ixias,Ixias_malumsinicum,,extant
Pierinae,Ixias,Ixias_piepersii,,extant
Pierinae,Ixias,Ixias_undatus,,extant
Pierinae,Ixias,Ixias_balice,,extant
Pierinae,Ixias,Ixias_insignis,,extant
Pierinae,Ixias,Ixias_kuehni,,extant
Pierinae,Ixias,Ixias_marianne,,extant
Pierinae,Ixias,Ixias_pyrene,,extant
Pierinae,Ixias,Ixias_venilia,,extant
Pierinae,Ixias,Ixias_vollenhovii,,extant
Pierinae,Ixias,Ixias_clarki,,extant
Pierinae,Aporia,Aporia_procris,,extant
Pierinae,Aporia,Aporia_acraea,,extant
Pierinae,Aporia,Aporia_delavayi,,extant
Pierinae,Aporia,Aporia_hastata,,extant
Pierinae,Aporia,Aporia_joubini,,extant
Pierinae,Aporia,Aporia_martineti,,extant
Pierinae,Aporia,Aporia_berthuri,,extant
Pierinae,Aporia,Aporia_agathon,,extant
Pierinae,Aporia,Aporia_bieti,,extant
Pierinae,Aporia,Aporia_goutellei,,extant
Pierinae,Aporia,Aporia_hippia,,extant
Pierinae,Aporia,Aporia_larraldei,,extant
Pierinae,Aporia,Aporia_nabellica,,extant
Pierinae,Aporia,Aporia_potanini,,extant
Pierinae,Aporia,Aporia_leucodice,,extant
Pierinae,Aporia,Aporia_harrietae,,extant
Pierinae,Aporia,Aporia_howarthi,,extant
Pierinae,Aporia,Aporia_largeteaui,,extant
Pierinae,Aporia,Aporia_lhamo,,extant
Pierinae,Pontia,Pontia_distorta,,extant
Pierinae,Pontia,Pontia_glauconome,,extant
Pierinae,Pontia,Pontia_occidentalis,,extant
Pierinae,Pontia,Pontia_dubernardi,,extant
Pierinae,Pontia,Pontia_kozlovi,,extant
Pierinae,Pontia,Pontia_protodice,,extant
Pierinae,Pontia,Pontia_sherpae,,extant
Pierinae,Pontia,Pontia_beckerii,,extant
Pierinae,Pontia,Pontia_sisymbrii,,extant
Coliadinae,Eurema,Eurema_lombokiana,,extant
Coliadinae,Eurema,Eurema_upembana,,extant
Coliadinae,Eurema,Eurema_blanda,,extant
Coliadinae,Eurema,Eurema_ormistoni,,extant
Coliadinae,Eurema,Eurema_nigrocincta,,extant
Coliadinae,Eurema,Eurema_senegalensis,,extant
Coliadinae,Eurema,Eurema_desjardinsii,,extant
Coliadinae,Eurema,Eurema_tupuntenem,,extant
Coliadinae,Eurema,Eurema_lirina,,extant
Coliadinae,Eurema,Eurema_beatrix,,extant
Coliadinae,Eurema,Eurema_albula,,extant
Coliadinae,Eurema,Eurema_mexicana,,extant
Coliadinae,Eurema,Eurema_halmaherana,,extant
Coliadinae,Eurema,Eurema_daira,,extant
Coliadinae,Eurema,Eurema_reticulata,,extant
Coliadinae,Eurema,Eurema_lacteola,,extant
Coliadinae,Eurema,Eurema_tominia,,extant
Coliadinae,Eurema,Eurema_andersonii,,extant
Coliadinae,Eurema,Eurema_novapallida,,extant
Coliadinae,Eurema,Eurema_agave,,extant
Coliadinae,Eurema,Eurema_mandarinula,,extant
Coliadinae,Eurema,Eurema_floricola,,extant
Coliadinae,Eurema,Eurema_brigitta,,extant
Coliadinae,Eurema,Eurema_regularis,,extant
Coliadinae,Eurema,Eurema_irena,,extant
Coliadinae,Eurema,Eurema_timorensis,,extant
Coliadinae,Eurema,Eurema_laeta,,extant
Coliadinae,Eurema,Eurema_alitha,,extant
Coliadinae,Eurema,Eurema_nilgiriensis,,extant
Coliadinae,Eurema,Eurema_adamsi,,extant
Coliadinae,Eurema,Eurema_celebensis,,extant
Coliadinae,Eurema,Eurema_sarilata,,extant
Coliadinae,Eurema,Eurema_hiurai,,extant
Coliadinae,Eurema,Eurema_tilaha,,extant
Coliadinae,Eurema,Eurema_herla,,extant
Coliadinae,Eurema,Eurema_ada,,extant
Coliadinae,Eurema,Eurema_nicevillei,,extant
Coliadinae,Eurema,Eurema_candida,,extant
Coliadinae,Eurema,Eurema_sari,,extant
Coliadinae,Eurema,Eurema_phiale,,extant
Coliadinae,Eurema,Eurema_elathea,,extant
Coliadinae,Eurema,Eurema_mentawiensis,,extant
Coliadinae,Eurema,Eurema_puella,,extant
Coliadinae,Eurema,Eurema_amelia,,extant
Coliadinae,Eurema,Eurema_paulina,,extant
Coliadinae,Eurema,Eurema_hapale,,extant
Coliadinae,Eurema,Eurema_simulatrix,,extant
Coliadinae,Eurema,Eurema_deva,,extant
Pierinae,Leptosia,Leptosia_wigginsi,,extant
Pierinae,Leptosia,Leptosia_nina,,extant
Pierinae,Leptosia,Leptosia_marginea,,extant
Pierinae,Leptosia,Leptosia_alcesta,,extant
Pierinae,Leptosia,Leptosia_medusa,,extant
Pierinae,Leptosia,Leptosia_lignea,,extant
Pierinae,Leptosia,Leptosia_nupta,,extant
Pierinae,Leptosia,Leptosia_hybrida,,extant
Pierinae,Pieris,Pieris_mahometana,,extant
Pierinae,Pieris,Pieris_naganum,Talbotia_naganum,extant
Pierinae,Pieris,Pieris_oleracea,,extant
Pierinae,Pieris,Pieris_tadjika,,extant
Pierinae,Pieris,Pieris_brassicoides,,extant
Pierinae,Pieris,Pieris_davidis,,extant
Pierinae,Pieris,Pieris_extensa,,extant
Pierinae,Pieris,Pieris_melete,,extant
Pierinae,Pieris,Pieris_virginiensis,,extant
Pierinae,Pieris,Pieris_canidia,,extant
Pierinae,Pieris,Pieris_dulcinea,,extant
Pierinae,Pieris,Pieris_marginalis,,extant
Pierinae,Pieris,Pieris_ochsenheimeri,,extant
Pierinae,Pieris,Pieris_deota,,extant
Dismorphiinae,Leptidea,Leptidea_duponcheli,,extant
Dismorphiinae,Leptidea,Leptidea_sinapis,Sinapis_stabiarum,extant
Dismorphiinae,Leptidea,Leptidea_morsei,,extant
Dismorphiinae,Leptidea,Leptidea_gigantea,,extant
Dismorphiinae,Leptidea,Leptidea_amurensis,,extant
Dismorphiinae,Leptidea,Leptidea_serrata,,extant
Dismorphiinae,Leptidea,Leptidea_lactea,,extant
Dismorphiinae,Leptidea,Leptidea_reali,,extant
Pierinae,Appias,Appias_hombroni,,extant
Pierinae,Appias,Appias_phoebe,,extant
Pierinae,Appias,Appias_indra,,extant
Pierinae,Appias,Appias_waltraudae,,extant
Pierinae,Appias,Appias_libythea,,extant
Pierinae,Appias,Appias_maria,,extant
Pierinae,Appias,Appias_melania,,extant
Pierinae,Appias,Appias_ada,,extant
Pierinae,Appias,Appias_cardena,,extant
Pierinae,Appias,Appias_olferna,,extant
Pierinae,Appias,Appias_clementina,,extant
Pierinae,Appias,Appias_tsurui,,extant
Pierinae,Appias,Appias_lalage,,extant
Pierinae,Appias,Appias_zondervani,,extant
Pierinae,Appias,Appias_lyncida,,extant
Pierinae,Appias,Appias_mata,,extant
Pierinae,Appias,Appias_nero,,extant
Pierinae,Appias,Appias_nupta,,extant
Pierinae,Appias,Appias_celestina,,extant
Pierinae,Appias,Appias_paulina,,extant
Pierinae,Appias,Appias_inanis,,extant
Pierinae,Appias,Appias_remedios,,extant
Pierinae,Appias,Appias_ithome,,extant
Pierinae,Appias,Appias_zarinda,,extant
Pierinae,Appias,Appias_lalassis,,extant
Pierinae,Appias,Appias_lucasii,,extant
Pierinae,Appias,Appias_nephele,,extant
Pierinae,Appias,Appias_aegis,Phrissura_aegis,extant
Pierinae,Appias,Appias_caeca,,extant
Pierinae,Appias,Appias_pandione,,extant
Pierinae,Eroessa,Eroessa_chiliensis,,extant
Pseudopontiinae,Pseudopontia,Pseudopontia_paradoxa,,extant
Pierinae,Mylothris,Mylothris_kilimensis,,extant
Pierinae,Mylothris,Mylothris_trimenia,,extant
Pierinae,Mylothris,Mylothris_continua,,extant
Pierinae,Mylothris,Mylothris_mortoni,,extant
Pierinae,Mylothris,Mylothris_sagala,,extant
Pierinae,Mylothris,Mylothris_alcuana,,extant
Pierinae,Mylothris,Mylothris_ertli,,extant
Pierinae,Mylothris,Mylothris_spica,,extant
Pierinae,Mylothris,Mylothris_basalis,,extant
Pierinae,Mylothris,Mylothris_kiellandi,,extant
Pierinae,Mylothris,Mylothris_rhodope,,extant
Pierinae,Mylothris,Mylothris_talboti,,extant
Pierinae,Mylothris,Mylothris_citrina,,extant
Pierinae,Mylothris,Mylothris_mavunda,,extant
Pierinae,Mylothris,Mylothris_rueppellii,,extant
Pierinae,Mylothris,Mylothris_alberici,,extant
Pierinae,Mylothris,Mylothris_erlangeri,,extant
Pierinae,Mylothris,Mylothris_ochrea,,extant
Pierinae,Mylothris,Mylothris_smithii,,extant
Pierinae,Mylothris,Mylothris_jacksoni,,extant
Pierinae,Mylothris,Mylothris_rembina,,extant
Pierinae,Mylothris,Mylothris_superbus,,extant
Pierinae,Mylothris,Mylothris_chloris,,extant
Pierinae,Mylothris,Mylothris_mafuga,,extant
Pierinae,Mylothris,Mylothris_agathina,,extant
Pierinae,Mylothris,Mylothris_elodina,,extant
Pierinae,Mylothris,Mylothris_ochracea,,extant
Pierinae,Mylothris,Mylothris_sjoestedti,,extant
Pierinae,Mylothris,Mylothris_humbloti,,extant
Pierinae,Mylothris,Mylothris_poppea,,extant
Pierinae,Mylothris,Mylothris_sulphurea,,extant
Pierinae,Mylothris,Mylothris_celisi,,extant
Pierinae,Mylothris,Mylothris_leonora,,extant
Pierinae,Mylothris,Mylothris_rubricosta,,extant
Pierinae,Mylothris,Mylothris_nubila,,extant
Pierinae,Mylothris,Mylothris_similis,,extant
Pierinae,Mylothris,Mylothris_atewa,,extant
Pierinae,Mylothris,Mylothris_hilara,,extant
Pierinae,Mylothris,Mylothris_polychroma,,extant
Pierinae,Mylothris,Mylothris_kiwuensis,,extant
Pierinae,Mylothris,Mylothris_ruandana,,extant
Pierinae,Mylothris,Mylothris_croceus,,extant
Pierinae,Mylothris,Mylothris_ngaziya,,extant
Pierinae,Mylothris,Mylothris_schumanni,,extant
Pierinae,Mylothris,Mylothris_asphodelus,,extant
Pierinae,Mylothris,Mylothris_pluviata,,extant
Pierinae,Mylothris,Mylothris_splendens,,extant
Pierinae,Mylothris,Mylothris_carcassoni,,extant
Pierinae,Mylothris,Mylothris_yulei,,extant
Pierinae,Mylothris,Mylothris_crawshayi,,extant
Pierinae,Mylothris,Mylothris_schoutedeni,,extant
Pierinae,Mylothris,Mylothris_arabicus,,extant
Pierinae,Mylothris,Mylothris_flaviana,,extant
Pierinae,Mylothris,Mylothris_phileris,,extant
Pierinae,Mylothris,Mylothris_bernice,,extant
Pierinae,Eucheira,Eucheira_socialis,,extant
Coliadinae,Eurema,Eurema_boisduvaliana,,extant
Coliadinae,Eurema,Eurema_salome,,extant
Coliadinae,Eurema,Eurema_lisa,Pyrisitia_lisa,extant
Pierinae,Pieris,Pieris_angelika,,extant
Coliadinae,Colias,Colias_emilia,,extant
Coliadinae,Colias,Colias_edwardsii,,extant
Coliadinae,Colias,Colias_romanovi,,extant
Coliadinae,Colias,Colias_ariadne,,extant
Pseudopontiinae,Pseudopontia,Pseudopontia_australis,,extant
Pierinae,Appias,Appias_athama,,extant
Pierinae,Appias,Appias_galene,,extant
Pierinae,Appias,Appias_wardii,,extant
Pierinae,Appias,Appias_aurosa,,extant
Pierinae,Appias,Appias_sylvia,,extant
Pierinae,Appias,Appias_placidia,,extant
Pierinae,Appias,Appias_galba,,extant
Dismorphiinae,Leptidea,Leptidea_juvernica,,extant
Dismorphiinae,Leptidea,Leptidea_lorkovici,,extant
Pierinae,Pieris,Pieris_segonzaci,,extant
Pierinae,Pieris,Pieris_elbursina,,extant
Pierinae,Pieris,Pieris_montanus,,extant
Pierinae,Pieris,Pieris_italorum,,extant
Pierinae,Pieris,Pieris_rossioides,,extant
Pierinae,Leptosia,Leptosia_chlorographa,,extant
Pierinae,Leptosia,Leptosia_velocissima,,extant
Coliadinae,Eurema,Eurema_fabiola,,extant
Coliadinae,Eurema,Eurema_jamapa,,extant
Coliadinae,Eurema,Eurema_gratiosa,,extant
Coliadinae,Eurema,Eurema_mandarina,,extant
Pierinae,Aporia,Aporia_gigantea,,extant
Coliadinae,Aphrissa,Aphrissa_boisduvalii,,extant
Pierinae,Aporia,Aporia_kanekoi,,extant
Pierinae,Aporia,Aporia_uedai,,extant
Pierinae,Aporia,Aporia_tayiensis,,extant
Pierinae,Aporia,Aporia_tsinglingica,,extant
Pierinae,Aporia,Aporia_signiana,,extant
Pierinae,Aporia,Aporia_genestieri,,extant
Pierinae,Aporia,Aporia_bernardi,,extant
Pierinae,Aporia,Aporia_monbeigi,,extant
Pierinae,Aporia,Aporia_lemoulti,,extant
Pierinae,Aporia,Aporia_kamei,,extant
Pierinae,Aporia,Aporia_nishimurai,,extant
Pierinae,Appias,Appias_mariana,,extant
Coliadinae,Phoebis,Phoebis_marcellina,,extant
Pierinae,Anthocharis,Anthocharis_belemida,,extant
Pierinae,Colotis,Colotis_evarne,,extant
NA,Pierites,Pierites_freyeri,,fossil
NA,Stolopsyche,Stolopsyche_libytheoides,,fossil
NA,Coliates,Coliates_proserpina,,fossil
Pierinae,Catasticta,Catasticta_pillcopata,,extant
Coliadinae,Colias,Colias_wernerbacki,,extant
Pierinae,Catasticta,Catasticta_pyrczi,,extant
Pierinae,Pieris,Pieris_limnoria,,extant
Coliadinae,Colias,Colias_jomooseri,,extant
Dismorphiinae,Enantia,Enantia_aloika,,extant
NA,Fanessa,Fanessa_pluto,,fossil
Pierinae,Melete,Melete_reyi,,extant
Pierinae,Delias,Delias_maaikeae,,extant
Pierinae,Pieris,Pieris_cronissa,,extant
Pierinae,Delias,Delias_yagishitai,,extant
Pierinae,Delias,Delias_ormoensis,,extant
Pierinae,Pieris,Pieris_methymna,,extant
Pierinae,Leuciacria,Leuciacria_olivei,,extant
Pierinae,Catasticta,Catasticta_sibyllae,,extant
Pierinae,Belenois,Belenois_gridica,,extant
Pseudopontiinae,Pseudopontia,Pseudopontia_mabira,,extant
Pseudopontiinae,Pseudopontia,Pseudopontia_gola,,extant
Pierinae,Delias,Delias_cumanau,,extant
Pierinae,Tatochila,Tatochila_macrodice,,extant
Pseudopontiinae,Pseudopontia,Pseudopontia_zambezi,,extant
Pierinae,Mylothris,Mylothris_citius,,extant
Pierinae,Delias,Delias_durai,,extant
Pierinae,Aporia,Aporia_signana,,extant
Pierinae,Catasticta,Catasticta_melanisa,,extant
Pierinae,Pontia,Pontia_simplonia,,extant
Coliadinae,Pyrisitia,Pyrisitia_westwoodi,,extant
Pierinae,Catasticta,Catasticta_smalli,,extant
Dismorphiinae,Leptidea,Leptidea_darvazensis,,extant
Pierinae,Cunizza,Cunizza_tirimbina,,extant
Pierinae,Euchloe,Euchloe_gruneri,,extant
Dismorphiinae,Leptidea,Leptidea_gigantean,,extant
Pierinae,Ganyra,Ganyra_josepha,,extant
Pierinae,Delias,Delias_brandti,,extant
Pierinae,Mathania,Mathania_hughesi,,extant
Pierinae,Ganyra,Ganyra_limona,,extant
Pierinae,Pieriballia,Pieriballia_noctipennis,,extant
Pierinae,Delias,Delias_carstenziana,,extant
Coliadinae,Pyrisitia,Pyrisitia_nelphe,,extant
Coliadinae,Colias,Colias_misti,,extant
Coliadinae,Teriocolias,Teriocolias_yauta,,extant
Coliadinae,Colias,Colias_tatarica,,extant
Pierinae,Pieris,Pieris_exigua,,extant
Coliadinae,Colias,Colias_balcanica,,extant
Pierinae,Aporia,Aporia_chunhaoi,,extant
Pierinae,Teracolus,Teracolus_agoye,,extant
Coliadinae,Colias,Colias_nastes,,extant
Coliadinae,Colias,Colias_erschoffi,,extant
Coliadinae,Eurema,Eurema_puellamisima,,extant
Coliadinae,Eurema,Eurema_xanthochlora,,extant
Pseudopontiinae,Pseudopieris,Pseudopieris_oculta,,extant
Pierinae,Aporia,Aporia_soracta,,extant
Pierinae,Appias,Appias_machoboides,,extant
Pierinae,Delias,Delias_anamesa,,extant
Pierinae,Delias,Delias_aurantia,,extant
Pierinae,Delias,Delias_dortheysi,,extant
Pierinae,Delias,Delias_frater,,extant
Pierinae,Elodina,Elodina_hyadatis,,extant
Pierinae,Euchloe,Euchloe_lucilla,,extant
Pierinae,Hesperocharis,Hesperocharis_nambii,,extant
Pierinae,Hesperocharis,Hesperocharis_paransis,,extant
Pierinae,Leodonta,Leodonta_chiriquensis,,extant
Pierinae,Leodonta,Leodonta_ekatherinae,,extant
Pierinae,Leodonta,Leodonta_jeanroberti,,extant
Pierinae,Leodonta,Leodonta_tungurahuana,,extant
Pierinae,Pareronia,Pareronia_chinki,,extant
Pierinae,Pieris,Pieris_dubernardi,,extant
Pierinae,Pieris,Pieris_erutae,,extant
Pierinae,Pieris,Pieris_koslovi,,extant
Pierinae,Pieris,Pieris_macdunnoughii,,extant
Pierinae,Pieris,Pieris_narina,,extant
Pierinae,Pieris,Pieris_nesis,,extant
Pierinae,Pieris,Pieris_orientis,,extant
Pierinae,Pieris,Pieris_pseudorapae,,extant
Pierinae,Pieris,Pieris_persis,,extant
